path,detected,score,threshold,fraction_green,L,m,n
aggregated_samples/tokens/isawu888_wm_00000.pt,True,572,322.2915785436869,1.0,576,4,572
aggregated_samples/tokens/isawu888_wm_00001.pt,True,572,322.2915785436869,1.0,576,4,572
aggregated_samples/tokens/isawu888_wm_00002.pt,True,572,322.2915785436869,1.0,576,4,572
aggregated_samples/tokens/isawu888_wm_00003.pt,True,572,322.2915785436869,1.0,576,4,572
aggregated_samples/tokens/isawu888_wm_00004.pt,True,572,322.2915785436869,1.0,576,4,572
aggregated_samples/tokens/isawu888_wm_00005.pt,True,572,322.2915785436869,1.0,576,4,572
aggregated_samples/tokens/isawu888_wm_00006.pt,True,572,322.2915785436869,1.0,576,4,572
aggregated_samples/tokens/isawu888_wm_00007.pt,True,572,322.2915785436869,1.0,576,4,572
aggregated_samples/tokens/isawu888_wm_00008.pt,True,572,322.2915785436869,1.0,576,4,572
aggregated_samples/tokens/isawu888_wm_00009.pt,True,572,322.2915785436869,1.0,576,4,572
aggregated_samples/tokens/isawu888_wm_00010.pt,True,572,322.2915785436869,1.0,576,4,572
aggregated_samples/tokens/isawu888_wm_00011.pt,True,572,322.2915785436869,1.0,576,4,572
aggregated_samples/tokens/isawu888_wm_00012.pt,True,572,322.2915785436869,1.0,576,4,572
aggregated_samples/tokens/isawu888_wm_00013.pt,True,572,322.2915785436869,1.0,576,4,572
aggregated_samples/tokens/isawu888_wm_00014.pt,True,572,322.2915785436869,1.0,576,4,572
aggregated_samples/tokens/isawu888_wm_00015.pt,True,572,322.2915785436869,1.0,576,4,572
aggregated_samples/tokens/isawu888_wm_00016.pt,True,572,322.2915785436869,1.0,576,4,572
aggregated_samples/tokens/isawu888_wm_00017.pt,True,572,322.2915785436869,1.0,576,4,572
aggregated_samples/tokens/isawu888_wm_00018.pt,True,572,322.2915785436869,1.0,576,4,572
aggregated_samples/tokens/isawu888_wm_00019.pt,True,572,322.2915785436869,1.0,576,4,572
aggregated_samples/tokens/isawu888_wm_00020.pt,True,572,322.2915785436869,1.0,576,4,572
aggregated_samples/tokens/isawu888_wm_00021.pt,True,572,322.2915785436869,1.0,576,4,572
aggregated_samples/tokens/isawu888_wm_00022.pt,True,572,322.2915785436869,1.0,576,4,572
aggregated_samples/tokens/isawu888_wm_00023.pt,True,572,322.2915785436869,1.0,576,4,572
aggregated_samples/tokens/isawu888_wm_00024.pt,True,572,322.2915785436869,1.0,576,4,572
aggregated_samples/tokens/isawu888_wm_00025.pt,True,572,322.2915785436869,1.0,576,4,572
aggregated_samples/tokens/isawu888_wm_00026.pt,True,572,322.2915785436869,1.0,576,4,572
aggregated_samples/tokens/isawu888_wm_00027.pt,True,572,322.2915785436869,1.0,576,4,572
aggregated_samples/tokens/isawu888_wm_00028.pt,True,572,322.2915785436869,1.0,576,4,572
aggregated_samples/tokens/isawu888_wm_00029.pt,True,572,322.2915785436869,1.0,576,4,572
aggregated_samples/tokens/isawu888_wm_00030.pt,True,572,322.2915785436869,1.0,576,4,572
aggregated_samples/tokens/isawu888_wm_00031.pt,True,572,322.2915785436869,1.0,576,4,572
aggregated_samples/tokens/isawu888_wm_00032.pt,True,572,322.2915785436869,1.0,576,4,572
aggregated_samples/tokens/isawu888_wm_00033.pt,True,572,322.2915785436869,1.0,576,4,572
aggregated_samples/tokens/isawu888_wm_00034.pt,True,572,322.2915785436869,1.0,576,4,572
aggregated_samples/tokens/isawu888_wm_00035.pt,True,572,322.2915785436869,1.0,576,4,572
aggregated_samples/tokens/isawu888_wm_00036.pt,True,572,322.2915785436869,1.0,576,4,572
aggregated_samples/tokens/isawu888_wm_00037.pt,True,572,322.2915785436869,1.0,576,4,572
aggregated_samples/tokens/isawu888_wm_00038.pt,True,572,322.2915785436869,1.0,576,4,572
aggregated_samples/tokens/isawu888_wm_00039.pt,True,572,322.2915785436869,1.0,576,4,572
aggregated_samples/tokens/isawu888_wm_00040.pt,True,572,322.2915785436869,1.0,576,4,572
aggregated_samples/tokens/isawu888_wm_00041.pt,True,572,322.2915785436869,1.0,576,4,572
aggregated_samples/tokens/isawu888_wm_00042.pt,True,572,322.2915785436869,1.0,576,4,572
aggregated_samples/tokens/isawu888_wm_00043.pt,True,572,322.2915785436869,1.0,576,4,572
aggregated_samples/tokens/isawu888_wm_00044.pt,True,572,322.2915785436869,1.0,576,4,572
aggregated_samples/tokens/isawu888_wm_00045.pt,True,572,322.2915785436869,1.0,576,4,572
aggregated_samples/tokens/isawu888_wm_00046.pt,True,572,322.2915785436869,1.0,576,4,572
aggregated_samples/tokens/isawu888_wm_00047.pt,True,572,322.2915785436869,1.0,576,4,572
aggregated_samples/tokens/isawu888_wm_00048.pt,True,572,322.2915785436869,1.0,576,4,572
aggregated_samples/tokens/isawu888_wm_00049.pt,True,572,322.2915785436869,1.0,576,4,572
aggregated_samples/tokens/isawu888_wm_00050.pt,True,572,322.2915785436869,1.0,576,4,572
aggregated_samples/tokens/isawu888_wm_00051.pt,True,572,322.2915785436869,1.0,576,4,572
aggregated_samples/tokens/isawu888_wm_00052.pt,True,572,322.2915785436869,1.0,576,4,572
aggregated_samples/tokens/isawu888_wm_00053.pt,True,572,322.2915785436869,1.0,576,4,572
aggregated_samples/tokens/isawu888_wm_00054.pt,True,572,322.2915785436869,1.0,576,4,572
aggregated_samples/tokens/isawu888_wm_00055.pt,True,572,322.2915785436869,1.0,576,4,572
aggregated_samples/tokens/isawu888_wm_00056.pt,True,572,322.2915785436869,1.0,576,4,572
aggregated_samples/tokens/isawu888_wm_00057.pt,True,572,322.2915785436869,1.0,576,4,572
aggregated_samples/tokens/isawu888_wm_00058.pt,True,572,322.2915785436869,1.0,576,4,572
aggregated_samples/tokens/isawu888_wm_00059.pt,True,572,322.2915785436869,1.0,576,4,572
aggregated_samples/tokens/isawu888_wm_00060.pt,True,572,322.2915785436869,1.0,576,4,572
aggregated_samples/tokens/isawu888_wm_00061.pt,True,572,322.2915785436869,1.0,576,4,572
aggregated_samples/tokens/isawu888_wm_00062.pt,True,572,322.2915785436869,1.0,576,4,572
aggregated_samples/tokens/isawu888_wm_00063.pt,True,572,322.2915785436869,1.0,576,4,572
aggregated_samples/tokens/isawu888_wm_00064.pt,True,572,322.2915785436869,1.0,576,4,572
aggregated_samples/tokens/isawu888_wm_00065.pt,True,572,322.2915785436869,1.0,576,4,572
aggregated_samples/tokens/isawu888_wm_00066.pt,True,572,322.2915785436869,1.0,576,4,572
aggregated_samples/tokens/isawu888_wm_00067.pt,True,572,322.2915785436869,1.0,576,4,572
aggregated_samples/tokens/isawu888_wm_00068.pt,True,572,322.2915785436869,1.0,576,4,572
aggregated_samples/tokens/isawu888_wm_00069.pt,True,572,322.2915785436869,1.0,576,4,572
aggregated_samples/tokens/isawu888_wm_00070.pt,True,572,322.2915785436869,1.0,576,4,572
aggregated_samples/tokens/isawu888_wm_00071.pt,True,572,322.2915785436869,1.0,576,4,572
aggregated_samples/tokens/isawu888_wm_00072.pt,True,572,322.2915785436869,1.0,576,4,572
aggregated_samples/tokens/isawu888_wm_00073.pt,True,572,322.2915785436869,1.0,576,4,572
aggregated_samples/tokens/isawu888_wm_00074.pt,True,572,322.2915785436869,1.0,576,4,572
aggregated_samples/tokens/isawu888_wm_00075.pt,True,572,322.2915785436869,1.0,576,4,572
aggregated_samples/tokens/isawu888_wm_00076.pt,True,572,322.2915785436869,1.0,576,4,572
aggregated_samples/tokens/isawu888_wm_00077.pt,True,572,322.2915785436869,1.0,576,4,572
aggregated_samples/tokens/isawu888_wm_00078.pt,True,572,322.2915785436869,1.0,576,4,572
aggregated_samples/tokens/isawu888_wm_00079.pt,True,572,322.2915785436869,1.0,576,4,572
aggregated_samples/tokens/isawu888_wm_00080.pt,True,572,322.2915785436869,1.0,576,4,572
aggregated_samples/tokens/isawu888_wm_00081.pt,True,572,322.2915785436869,1.0,576,4,572
aggregated_samples/tokens/isawu888_wm_00082.pt,True,572,322.2915785436869,1.0,576,4,572
aggregated_samples/tokens/isawu888_wm_00083.pt,True,572,322.2915785436869,1.0,576,4,572
aggregated_samples/tokens/isawu888_wm_00084.pt,True,572,322.2915785436869,1.0,576,4,572
aggregated_samples/tokens/isawu888_wm_00085.pt,True,572,322.2915785436869,1.0,576,4,572
aggregated_samples/tokens/isawu888_wm_00086.pt,True,572,322.2915785436869,1.0,576,4,572
aggregated_samples/tokens/isawu888_wm_00087.pt,True,572,322.2915785436869,1.0,576,4,572
aggregated_samples/tokens/isawu888_wm_00088.pt,True,572,322.2915785436869,1.0,576,4,572
aggregated_samples/tokens/isawu888_wm_00089.pt,True,572,322.2915785436869,1.0,576,4,572
aggregated_samples/tokens/isawu888_wm_00090.pt,True,572,322.2915785436869,1.0,576,4,572
aggregated_samples/tokens/isawu888_wm_00091.pt,True,572,322.2915785436869,1.0,576,4,572
aggregated_samples/tokens/isawu888_wm_00092.pt,True,572,322.2915785436869,1.0,576,4,572
aggregated_samples/tokens/isawu888_wm_00093.pt,True,572,322.2915785436869,1.0,576,4,572
aggregated_samples/tokens/isawu888_wm_00094.pt,True,572,322.2915785436869,1.0,576,4,572
aggregated_samples/tokens/isawu888_wm_00095.pt,True,572,322.2915785436869,1.0,576,4,572
aggregated_samples/tokens/isawu888_wm_00096.pt,True,572,322.2915785436869,1.0,576,4,572
aggregated_samples/tokens/isawu888_wm_00097.pt,True,572,322.2915785436869,1.0,576,4,572
aggregated_samples/tokens/isawu888_wm_00098.pt,True,572,322.2915785436869,1.0,576,4,572
aggregated_samples/tokens/isawu888_wm_00099.pt,True,572,322.2915785436869,1.0,576,4,572
aggregated_samples/tokens/isawu888_wm_00100.pt,True,572,322.2915785436869,1.0,576,4,572
aggregated_samples/tokens/isawu888_wm_00101.pt,True,572,322.2915785436869,1.0,576,4,572
aggregated_samples/tokens/isawu888_wm_00102.pt,True,572,322.2915785436869,1.0,576,4,572
aggregated_samples/tokens/isawu888_wm_00103.pt,True,572,322.2915785436869,1.0,576,4,572
aggregated_samples/tokens/isawu888_wm_00104.pt,True,572,322.2915785436869,1.0,576,4,572
aggregated_samples/tokens/isawu888_wm_00105.pt,True,572,322.2915785436869,1.0,576,4,572
aggregated_samples/tokens/isawu888_wm_00106.pt,True,572,322.2915785436869,1.0,576,4,572
aggregated_samples/tokens/isawu888_wm_00107.pt,True,572,322.2915785436869,1.0,576,4,572
aggregated_samples/tokens/isawu888_wm_00108.pt,True,572,322.2915785436869,1.0,576,4,572
aggregated_samples/tokens/isawu888_wm_00109.pt,True,572,322.2915785436869,1.0,576,4,572
aggregated_samples/tokens/isawu888_wm_00110.pt,True,572,322.2915785436869,1.0,576,4,572
aggregated_samples/tokens/isawu888_wm_00111.pt,True,572,322.2915785436869,1.0,576,4,572
aggregated_samples/tokens/isawu888_wm_00112.pt,True,572,322.2915785436869,1.0,576,4,572
aggregated_samples/tokens/isawu888_wm_00113.pt,True,572,322.2915785436869,1.0,576,4,572
aggregated_samples/tokens/isawu888_wm_00114.pt,True,572,322.2915785436869,1.0,576,4,572
aggregated_samples/tokens/isawu888_wm_00115.pt,True,572,322.2915785436869,1.0,576,4,572
aggregated_samples/tokens/isawu888_wm_00116.pt,True,572,322.2915785436869,1.0,576,4,572
aggregated_samples/tokens/isawu888_wm_00117.pt,True,572,322.2915785436869,1.0,576,4,572
aggregated_samples/tokens/isawu888_wm_00118.pt,True,572,322.2915785436869,1.0,576,4,572
aggregated_samples/tokens/isawu888_wm_00119.pt,True,572,322.2915785436869,1.0,576,4,572
aggregated_samples/tokens/isawu888_wm_00120.pt,True,572,322.2915785436869,1.0,576,4,572
aggregated_samples/tokens/isawu888_wm_00121.pt,True,572,322.2915785436869,1.0,576,4,572
aggregated_samples/tokens/isawu888_wm_00122.pt,True,572,322.2915785436869,1.0,576,4,572
aggregated_samples/tokens/isawu888_wm_00123.pt,True,572,322.2915785436869,1.0,576,4,572
aggregated_samples/tokens/isawu888_wm_00124.pt,True,572,322.2915785436869,1.0,576,4,572
aggregated_samples/tokens/isawu888_wm_00125.pt,True,572,322.2915785436869,1.0,576,4,572
aggregated_samples/tokens/isawu888_wm_00126.pt,True,572,322.2915785436869,1.0,576,4,572
aggregated_samples/tokens/isawu888_wm_00127.pt,True,572,322.2915785436869,1.0,576,4,572
aggregated_samples/tokens/isawu888_wm_00128.pt,True,572,322.2915785436869,1.0,576,4,572
aggregated_samples/tokens/isawu888_wm_00129.pt,True,572,322.2915785436869,1.0,576,4,572
aggregated_samples/tokens/isawu888_wm_00130.pt,True,572,322.2915785436869,1.0,576,4,572
aggregated_samples/tokens/isawu888_wm_00131.pt,True,572,322.2915785436869,1.0,576,4,572
aggregated_samples/tokens/isawu888_wm_00132.pt,True,572,322.2915785436869,1.0,576,4,572
aggregated_samples/tokens/isawu888_wm_00133.pt,True,572,322.2915785436869,1.0,576,4,572
aggregated_samples/tokens/isawu888_wm_00134.pt,True,572,322.2915785436869,1.0,576,4,572
aggregated_samples/tokens/isawu888_wm_00135.pt,True,572,322.2915785436869,1.0,576,4,572
aggregated_samples/tokens/isawu888_wm_00136.pt,True,572,322.2915785436869,1.0,576,4,572
aggregated_samples/tokens/isawu888_wm_00137.pt,True,572,322.2915785436869,1.0,576,4,572
aggregated_samples/tokens/isawu888_wm_00138.pt,True,572,322.2915785436869,1.0,576,4,572
aggregated_samples/tokens/isawu888_wm_00139.pt,True,572,322.2915785436869,1.0,576,4,572
aggregated_samples/tokens/isawu888_wm_00140.pt,True,572,322.2915785436869,1.0,576,4,572
aggregated_samples/tokens/isawu888_wm_00141.pt,True,572,322.2915785436869,1.0,576,4,572
aggregated_samples/tokens/isawu888_wm_00142.pt,True,572,322.2915785436869,1.0,576,4,572
aggregated_samples/tokens/isawu888_wm_00143.pt,True,572,322.2915785436869,1.0,576,4,572
aggregated_samples/tokens/isawu888_wm_00144.pt,True,572,322.2915785436869,1.0,576,4,572
aggregated_samples/tokens/isawu888_wm_00145.pt,True,572,322.2915785436869,1.0,576,4,572
aggregated_samples/tokens/isawu888_wm_00146.pt,True,572,322.2915785436869,1.0,576,4,572
aggregated_samples/tokens/isawu888_wm_00147.pt,True,572,322.2915785436869,1.0,576,4,572
aggregated_samples/tokens/isawu888_wm_00148.pt,True,572,322.2915785436869,1.0,576,4,572
aggregated_samples/tokens/isawu888_wm_00149.pt,True,572,322.2915785436869,1.0,576,4,572
aggregated_samples/tokens/isawu888_wm_00150.pt,True,572,322.2915785436869,1.0,576,4,572
aggregated_samples/tokens/isawu888_wm_00151.pt,True,572,322.2915785436869,1.0,576,4,572
aggregated_samples/tokens/isawu888_wm_00152.pt,True,572,322.2915785436869,1.0,576,4,572
aggregated_samples/tokens/isawu888_wm_00153.pt,True,572,322.2915785436869,1.0,576,4,572
aggregated_samples/tokens/isawu888_wm_00154.pt,True,572,322.2915785436869,1.0,576,4,572
aggregated_samples/tokens/isawu888_wm_00155.pt,True,572,322.2915785436869,1.0,576,4,572
aggregated_samples/tokens/isawu888_wm_00156.pt,True,572,322.2915785436869,1.0,576,4,572
aggregated_samples/tokens/isawu888_wm_00157.pt,True,572,322.2915785436869,1.0,576,4,572
aggregated_samples/tokens/isawu888_wm_00158.pt,True,572,322.2915785436869,1.0,576,4,572
aggregated_samples/tokens/isawu888_wm_00159.pt,True,572,322.2915785436869,1.0,576,4,572
aggregated_samples/tokens/isawu888_wm_00160.pt,True,572,322.2915785436869,1.0,576,4,572
aggregated_samples/tokens/isawu888_wm_00161.pt,True,572,322.2915785436869,1.0,576,4,572
aggregated_samples/tokens/isawu888_wm_00162.pt,True,572,322.2915785436869,1.0,576,4,572
aggregated_samples/tokens/isawu888_wm_00163.pt,True,572,322.2915785436869,1.0,576,4,572
aggregated_samples/tokens/isawu888_wm_00164.pt,True,572,322.2915785436869,1.0,576,4,572
aggregated_samples/tokens/isawu888_wm_00165.pt,True,572,322.2915785436869,1.0,576,4,572
aggregated_samples/tokens/isawu888_wm_00166.pt,True,572,322.2915785436869,1.0,576,4,572
aggregated_samples/tokens/isawu888_wm_00167.pt,True,572,322.2915785436869,1.0,576,4,572
aggregated_samples/tokens/isawu888_wm_00168.pt,True,572,322.2915785436869,1.0,576,4,572
aggregated_samples/tokens/isawu888_wm_00169.pt,True,572,322.2915785436869,1.0,576,4,572
aggregated_samples/tokens/isawu888_wm_00170.pt,True,572,322.2915785436869,1.0,576,4,572
aggregated_samples/tokens/isawu888_wm_00171.pt,True,572,322.2915785436869,1.0,576,4,572
aggregated_samples/tokens/isawu888_wm_00172.pt,True,572,322.2915785436869,1.0,576,4,572
aggregated_samples/tokens/isawu888_wm_00173.pt,True,572,322.2915785436869,1.0,576,4,572
aggregated_samples/tokens/isawu888_wm_00174.pt,True,572,322.2915785436869,1.0,576,4,572
aggregated_samples/tokens/isawu888_wm_00175.pt,True,572,322.2915785436869,1.0,576,4,572
aggregated_samples/tokens/isawu888_wm_00176.pt,True,572,322.2915785436869,1.0,576,4,572
aggregated_samples/tokens/isawu888_wm_00177.pt,True,572,322.2915785436869,1.0,576,4,572
aggregated_samples/tokens/isawu888_wm_00178.pt,True,572,322.2915785436869,1.0,576,4,572
aggregated_samples/tokens/isawu888_wm_00179.pt,True,572,322.2915785436869,1.0,576,4,572
aggregated_samples/tokens/isawu888_wm_00180.pt,True,572,322.2915785436869,1.0,576,4,572
aggregated_samples/tokens/isawu888_wm_00181.pt,True,572,322.2915785436869,1.0,576,4,572
aggregated_samples/tokens/isawu888_wm_00182.pt,True,572,322.2915785436869,1.0,576,4,572
aggregated_samples/tokens/isawu888_wm_00183.pt,True,572,322.2915785436869,1.0,576,4,572
aggregated_samples/tokens/isawu888_wm_00184.pt,True,572,322.2915785436869,1.0,576,4,572
aggregated_samples/tokens/isawu888_wm_00185.pt,True,572,322.2915785436869,1.0,576,4,572
aggregated_samples/tokens/isawu888_wm_00186.pt,True,572,322.2915785436869,1.0,576,4,572
aggregated_samples/tokens/isawu888_wm_00187.pt,True,572,322.2915785436869,1.0,576,4,572
aggregated_samples/tokens/isawu888_wm_00188.pt,True,572,322.2915785436869,1.0,576,4,572
aggregated_samples/tokens/isawu888_wm_00189.pt,True,572,322.2915785436869,1.0,576,4,572
aggregated_samples/tokens/isawu888_wm_00190.pt,True,572,322.2915785436869,1.0,576,4,572
aggregated_samples/tokens/isawu888_wm_00191.pt,True,572,322.2915785436869,1.0,576,4,572
aggregated_samples/tokens/isawu888_wm_00192.pt,True,572,322.2915785436869,1.0,576,4,572
aggregated_samples/tokens/isawu888_wm_00193.pt,True,572,322.2915785436869,1.0,576,4,572
aggregated_samples/tokens/isawu888_wm_00194.pt,True,572,322.2915785436869,1.0,576,4,572
aggregated_samples/tokens/isawu888_wm_00195.pt,True,572,322.2915785436869,1.0,576,4,572
aggregated_samples/tokens/isawu888_wm_00196.pt,True,572,322.2915785436869,1.0,576,4,572
aggregated_samples/tokens/isawu888_wm_00197.pt,True,572,322.2915785436869,1.0,576,4,572
aggregated_samples/tokens/isawu888_wm_00198.pt,True,572,322.2915785436869,1.0,576,4,572
aggregated_samples/tokens/isawu888_wm_00199.pt,True,572,322.2915785436869,1.0,576,4,572
aggregated_samples/tokens/isawu888_wm_00200.pt,True,572,322.2915785436869,1.0,576,4,572
aggregated_samples/tokens/isawu888_wm_00201.pt,True,572,322.2915785436869,1.0,576,4,572
aggregated_samples/tokens/isawu888_wm_00202.pt,True,572,322.2915785436869,1.0,576,4,572
aggregated_samples/tokens/isawu888_wm_00203.pt,True,572,322.2915785436869,1.0,576,4,572
aggregated_samples/tokens/isawu888_wm_00204.pt,True,572,322.2915785436869,1.0,576,4,572
aggregated_samples/tokens/isawu888_wm_00205.pt,True,572,322.2915785436869,1.0,576,4,572
aggregated_samples/tokens/isawu888_wm_00206.pt,True,572,322.2915785436869,1.0,576,4,572
aggregated_samples/tokens/isawu888_wm_00207.pt,True,572,322.2915785436869,1.0,576,4,572
aggregated_samples/tokens/isawu888_wm_00208.pt,True,572,322.2915785436869,1.0,576,4,572
aggregated_samples/tokens/isawu888_wm_00209.pt,True,572,322.2915785436869,1.0,576,4,572
aggregated_samples/tokens/isawu888_wm_00210.pt,True,572,322.2915785436869,1.0,576,4,572
aggregated_samples/tokens/isawu888_wm_00211.pt,True,572,322.2915785436869,1.0,576,4,572
aggregated_samples/tokens/isawu888_wm_00212.pt,True,572,322.2915785436869,1.0,576,4,572
aggregated_samples/tokens/isawu888_wm_00213.pt,True,572,322.2915785436869,1.0,576,4,572
aggregated_samples/tokens/isawu888_wm_00214.pt,True,572,322.2915785436869,1.0,576,4,572
aggregated_samples/tokens/isawu888_wm_00215.pt,True,572,322.2915785436869,1.0,576,4,572
aggregated_samples/tokens/isawu888_wm_00216.pt,True,572,322.2915785436869,1.0,576,4,572
aggregated_samples/tokens/isawu888_wm_00217.pt,True,572,322.2915785436869,1.0,576,4,572
aggregated_samples/tokens/isawu888_wm_00218.pt,True,572,322.2915785436869,1.0,576,4,572
aggregated_samples/tokens/isawu888_wm_00219.pt,True,572,322.2915785436869,1.0,576,4,572
aggregated_samples/tokens/isawu888_wm_00220.pt,True,572,322.2915785436869,1.0,576,4,572
aggregated_samples/tokens/isawu888_wm_00221.pt,True,572,322.2915785436869,1.0,576,4,572
aggregated_samples/tokens/isawu888_wm_00222.pt,True,572,322.2915785436869,1.0,576,4,572
aggregated_samples/tokens/isawu888_wm_00223.pt,True,572,322.2915785436869,1.0,576,4,572
aggregated_samples/tokens/isawu888_wm_00224.pt,True,572,322.2915785436869,1.0,576,4,572
aggregated_samples/tokens/isawu888_wm_00225.pt,True,572,322.2915785436869,1.0,576,4,572
aggregated_samples/tokens/isawu888_wm_00226.pt,True,572,322.2915785436869,1.0,576,4,572
aggregated_samples/tokens/isawu888_wm_00227.pt,True,572,322.2915785436869,1.0,576,4,572
aggregated_samples/tokens/isawu888_wm_00228.pt,True,572,322.2915785436869,1.0,576,4,572
aggregated_samples/tokens/isawu888_wm_00229.pt,True,572,322.2915785436869,1.0,576,4,572
aggregated_samples/tokens/isawu888_wm_00230.pt,True,572,322.2915785436869,1.0,576,4,572
aggregated_samples/tokens/isawu888_wm_00231.pt,True,572,322.2915785436869,1.0,576,4,572
aggregated_samples/tokens/isawu888_wm_00232.pt,True,572,322.2915785436869,1.0,576,4,572
aggregated_samples/tokens/isawu888_wm_00233.pt,True,572,322.2915785436869,1.0,576,4,572
aggregated_samples/tokens/isawu888_wm_00234.pt,True,572,322.2915785436869,1.0,576,4,572
aggregated_samples/tokens/isawu888_wm_00235.pt,True,572,322.2915785436869,1.0,576,4,572
aggregated_samples/tokens/isawu888_wm_00236.pt,True,572,322.2915785436869,1.0,576,4,572
aggregated_samples/tokens/isawu888_wm_00237.pt,True,572,322.2915785436869,1.0,576,4,572
aggregated_samples/tokens/isawu888_wm_00238.pt,True,572,322.2915785436869,1.0,576,4,572
aggregated_samples/tokens/isawu888_wm_00239.pt,True,572,322.2915785436869,1.0,576,4,572
aggregated_samples/tokens/isawu888_wm_00240.pt,True,572,322.2915785436869,1.0,576,4,572
aggregated_samples/tokens/isawu888_wm_00241.pt,True,572,322.2915785436869,1.0,576,4,572
aggregated_samples/tokens/isawu888_wm_00242.pt,True,572,322.2915785436869,1.0,576,4,572
aggregated_samples/tokens/isawu888_wm_00243.pt,True,572,322.2915785436869,1.0,576,4,572
aggregated_samples/tokens/isawu888_wm_00244.pt,True,572,322.2915785436869,1.0,576,4,572
aggregated_samples/tokens/isawu888_wm_00245.pt,True,572,322.2915785436869,1.0,576,4,572
aggregated_samples/tokens/isawu888_wm_00246.pt,True,572,322.2915785436869,1.0,576,4,572
aggregated_samples/tokens/isawu888_wm_00247.pt,True,572,322.2915785436869,1.0,576,4,572
aggregated_samples/tokens/isawu888_wm_00248.pt,True,572,322.2915785436869,1.0,576,4,572
aggregated_samples/tokens/isawu888_wm_00249.pt,True,572,322.2915785436869,1.0,576,4,572
aggregated_samples/tokens/isawu888_wm_00250.pt,True,572,322.2915785436869,1.0,576,4,572
aggregated_samples/tokens/isawu888_wm_00251.pt,True,572,322.2915785436869,1.0,576,4,572
aggregated_samples/tokens/isawu888_wm_00252.pt,True,572,322.2915785436869,1.0,576,4,572
aggregated_samples/tokens/isawu888_wm_00253.pt,True,572,322.2915785436869,1.0,576,4,572
aggregated_samples/tokens/isawu888_wm_00254.pt,True,572,322.2915785436869,1.0,576,4,572
aggregated_samples/tokens/isawu888_wm_00255.pt,True,572,322.2915785436869,1.0,576,4,572
aggregated_samples/tokens/isawu888_wm_00256.pt,True,572,322.2915785436869,1.0,576,4,572
aggregated_samples/tokens/isawu888_wm_00257.pt,True,572,322.2915785436869,1.0,576,4,572
aggregated_samples/tokens/isawu888_wm_00258.pt,True,572,322.2915785436869,1.0,576,4,572
aggregated_samples/tokens/isawu888_wm_00259.pt,True,572,322.2915785436869,1.0,576,4,572
aggregated_samples/tokens/isawu888_wm_00260.pt,True,572,322.2915785436869,1.0,576,4,572
aggregated_samples/tokens/isawu888_wm_00261.pt,True,572,322.2915785436869,1.0,576,4,572
aggregated_samples/tokens/isawu888_wm_00262.pt,True,572,322.2915785436869,1.0,576,4,572
aggregated_samples/tokens/isawu888_wm_00263.pt,True,572,322.2915785436869,1.0,576,4,572
aggregated_samples/tokens/isawu888_wm_00264.pt,True,572,322.2915785436869,1.0,576,4,572
aggregated_samples/tokens/isawu888_wm_00265.pt,True,572,322.2915785436869,1.0,576,4,572
aggregated_samples/tokens/isawu888_wm_00266.pt,True,572,322.2915785436869,1.0,576,4,572
aggregated_samples/tokens/isawu888_wm_00267.pt,True,572,322.2915785436869,1.0,576,4,572
aggregated_samples/tokens/isawu888_wm_00268.pt,True,572,322.2915785436869,1.0,576,4,572
aggregated_samples/tokens/isawu888_wm_00269.pt,True,572,322.2915785436869,1.0,576,4,572
aggregated_samples/tokens/isawu888_wm_00270.pt,True,572,322.2915785436869,1.0,576,4,572
aggregated_samples/tokens/isawu888_wm_00271.pt,True,572,322.2915785436869,1.0,576,4,572
aggregated_samples/tokens/isawu888_wm_00272.pt,True,572,322.2915785436869,1.0,576,4,572
aggregated_samples/tokens/isawu888_wm_00273.pt,True,572,322.2915785436869,1.0,576,4,572
aggregated_samples/tokens/isawu888_wm_00274.pt,True,572,322.2915785436869,1.0,576,4,572
aggregated_samples/tokens/isawu888_wm_00275.pt,True,572,322.2915785436869,1.0,576,4,572
aggregated_samples/tokens/isawu888_wm_00276.pt,True,572,322.2915785436869,1.0,576,4,572
aggregated_samples/tokens/isawu888_wm_00277.pt,True,572,322.2915785436869,1.0,576,4,572
aggregated_samples/tokens/isawu888_wm_00278.pt,True,572,322.2915785436869,1.0,576,4,572
aggregated_samples/tokens/isawu888_wm_00279.pt,True,572,322.2915785436869,1.0,576,4,572
aggregated_samples/tokens/isawu888_wm_00280.pt,True,572,322.2915785436869,1.0,576,4,572
aggregated_samples/tokens/isawu888_wm_00281.pt,True,572,322.2915785436869,1.0,576,4,572
aggregated_samples/tokens/isawu888_wm_00282.pt,True,572,322.2915785436869,1.0,576,4,572
aggregated_samples/tokens/isawu888_wm_00283.pt,True,572,322.2915785436869,1.0,576,4,572
aggregated_samples/tokens/isawu888_wm_00284.pt,True,572,322.2915785436869,1.0,576,4,572
aggregated_samples/tokens/isawu888_wm_00285.pt,True,572,322.2915785436869,1.0,576,4,572
aggregated_samples/tokens/isawu888_wm_00286.pt,True,572,322.2915785436869,1.0,576,4,572
aggregated_samples/tokens/isawu888_wm_00287.pt,True,572,322.2915785436869,1.0,576,4,572
aggregated_samples/tokens/isawu888_wm_00288.pt,True,572,322.2915785436869,1.0,576,4,572
aggregated_samples/tokens/isawu888_wm_00289.pt,True,572,322.2915785436869,1.0,576,4,572
aggregated_samples/tokens/isawu888_wm_00290.pt,True,572,322.2915785436869,1.0,576,4,572
aggregated_samples/tokens/isawu888_wm_00291.pt,True,572,322.2915785436869,1.0,576,4,572
aggregated_samples/tokens/isawu888_wm_00292.pt,True,572,322.2915785436869,1.0,576,4,572
aggregated_samples/tokens/isawu888_wm_00293.pt,True,572,322.2915785436869,1.0,576,4,572
aggregated_samples/tokens/isawu888_wm_00294.pt,True,572,322.2915785436869,1.0,576,4,572
aggregated_samples/tokens/isawu888_wm_00295.pt,True,572,322.2915785436869,1.0,576,4,572
aggregated_samples/tokens/isawu888_wm_00296.pt,True,572,322.2915785436869,1.0,576,4,572
aggregated_samples/tokens/isawu888_wm_00297.pt,True,572,322.2915785436869,1.0,576,4,572
aggregated_samples/tokens/isawu888_wm_00298.pt,True,572,322.2915785436869,1.0,576,4,572
aggregated_samples/tokens/isawu888_wm_00299.pt,True,572,322.2915785436869,1.0,576,4,572
aggregated_samples/tokens/isawu888_wm_00300.pt,True,572,322.2915785436869,1.0,576,4,572
aggregated_samples/tokens/isawu888_wm_00301.pt,True,572,322.2915785436869,1.0,576,4,572
aggregated_samples/tokens/isawu888_wm_00302.pt,True,572,322.2915785436869,1.0,576,4,572
aggregated_samples/tokens/isawu888_wm_00303.pt,True,572,322.2915785436869,1.0,576,4,572
aggregated_samples/tokens/isawu888_wm_00304.pt,True,572,322.2915785436869,1.0,576,4,572
aggregated_samples/tokens/isawu888_wm_00305.pt,True,572,322.2915785436869,1.0,576,4,572
aggregated_samples/tokens/isawu888_wm_00306.pt,True,572,322.2915785436869,1.0,576,4,572
aggregated_samples/tokens/isawu888_wm_00307.pt,True,572,322.2915785436869,1.0,576,4,572
aggregated_samples/tokens/isawu888_wm_00308.pt,True,572,322.2915785436869,1.0,576,4,572
aggregated_samples/tokens/isawu888_wm_00309.pt,True,572,322.2915785436869,1.0,576,4,572
aggregated_samples/tokens/isawu888_wm_00310.pt,True,572,322.2915785436869,1.0,576,4,572
aggregated_samples/tokens/isawu888_wm_00311.pt,True,572,322.2915785436869,1.0,576,4,572
aggregated_samples/tokens/isawu888_wm_00312.pt,True,572,322.2915785436869,1.0,576,4,572
aggregated_samples/tokens/isawu888_wm_00313.pt,True,572,322.2915785436869,1.0,576,4,572
aggregated_samples/tokens/isawu888_wm_00314.pt,True,572,322.2915785436869,1.0,576,4,572
aggregated_samples/tokens/isawu888_wm_00315.pt,True,572,322.2915785436869,1.0,576,4,572
aggregated_samples/tokens/isawu888_wm_00316.pt,True,572,322.2915785436869,1.0,576,4,572
aggregated_samples/tokens/isawu888_wm_00317.pt,True,572,322.2915785436869,1.0,576,4,572
aggregated_samples/tokens/isawu888_wm_00318.pt,True,572,322.2915785436869,1.0,576,4,572
aggregated_samples/tokens/isawu888_wm_00319.pt,True,572,322.2915785436869,1.0,576,4,572
aggregated_samples/tokens/isawu888_wm_00320.pt,True,572,322.2915785436869,1.0,576,4,572
aggregated_samples/tokens/isawu888_wm_00321.pt,True,572,322.2915785436869,1.0,576,4,572
aggregated_samples/tokens/isawu888_wm_00322.pt,True,572,322.2915785436869,1.0,576,4,572
aggregated_samples/tokens/isawu888_wm_00323.pt,True,572,322.2915785436869,1.0,576,4,572
aggregated_samples/tokens/isawu888_wm_00324.pt,True,572,322.2915785436869,1.0,576,4,572
aggregated_samples/tokens/isawu888_wm_00325.pt,True,572,322.2915785436869,1.0,576,4,572
aggregated_samples/tokens/isawu888_wm_00326.pt,True,572,322.2915785436869,1.0,576,4,572
aggregated_samples/tokens/isawu888_wm_00327.pt,True,572,322.2915785436869,1.0,576,4,572
aggregated_samples/tokens/isawu888_wm_00328.pt,True,572,322.2915785436869,1.0,576,4,572
aggregated_samples/tokens/isawu888_wm_00329.pt,True,572,322.2915785436869,1.0,576,4,572
aggregated_samples/tokens/isawu888_wm_00330.pt,True,572,322.2915785436869,1.0,576,4,572
aggregated_samples/tokens/isawu888_wm_00331.pt,True,572,322.2915785436869,1.0,576,4,572
aggregated_samples/tokens/isawu888_wm_00332.pt,True,572,322.2915785436869,1.0,576,4,572
aggregated_samples/tokens/maureenz_wm_00333.pt,True,572,322.2915785436869,1.0,576,4,572
aggregated_samples/tokens/maureenz_wm_00334.pt,True,572,322.2915785436869,1.0,576,4,572
aggregated_samples/tokens/maureenz_wm_00335.pt,True,572,322.2915785436869,1.0,576,4,572
aggregated_samples/tokens/maureenz_wm_00336.pt,True,572,322.2915785436869,1.0,576,4,572
aggregated_samples/tokens/maureenz_wm_00337.pt,True,572,322.2915785436869,1.0,576,4,572
aggregated_samples/tokens/maureenz_wm_00338.pt,True,572,322.2915785436869,1.0,576,4,572
aggregated_samples/tokens/maureenz_wm_00339.pt,True,572,322.2915785436869,1.0,576,4,572
aggregated_samples/tokens/maureenz_wm_00340.pt,True,572,322.2915785436869,1.0,576,4,572
aggregated_samples/tokens/maureenz_wm_00341.pt,True,572,322.2915785436869,1.0,576,4,572
aggregated_samples/tokens/maureenz_wm_00342.pt,True,572,322.2915785436869,1.0,576,4,572
aggregated_samples/tokens/maureenz_wm_00343.pt,True,572,322.2915785436869,1.0,576,4,572
aggregated_samples/tokens/maureenz_wm_00344.pt,True,572,322.2915785436869,1.0,576,4,572
aggregated_samples/tokens/maureenz_wm_00345.pt,True,572,322.2915785436869,1.0,576,4,572
aggregated_samples/tokens/maureenz_wm_00346.pt,True,572,322.2915785436869,1.0,576,4,572
aggregated_samples/tokens/maureenz_wm_00347.pt,True,572,322.2915785436869,1.0,576,4,572
aggregated_samples/tokens/maureenz_wm_00348.pt,True,572,322.2915785436869,1.0,576,4,572
aggregated_samples/tokens/maureenz_wm_00349.pt,True,572,322.2915785436869,1.0,576,4,572
aggregated_samples/tokens/maureenz_wm_00350.pt,True,572,322.2915785436869,1.0,576,4,572
aggregated_samples/tokens/maureenz_wm_00351.pt,True,572,322.2915785436869,1.0,576,4,572
aggregated_samples/tokens/maureenz_wm_00352.pt,True,572,322.2915785436869,1.0,576,4,572
aggregated_samples/tokens/maureenz_wm_00353.pt,True,572,322.2915785436869,1.0,576,4,572
aggregated_samples/tokens/maureenz_wm_00354.pt,True,572,322.2915785436869,1.0,576,4,572
aggregated_samples/tokens/maureenz_wm_00355.pt,True,572,322.2915785436869,1.0,576,4,572
aggregated_samples/tokens/maureenz_wm_00356.pt,True,572,322.2915785436869,1.0,576,4,572
aggregated_samples/tokens/maureenz_wm_00357.pt,True,572,322.2915785436869,1.0,576,4,572
aggregated_samples/tokens/maureenz_wm_00358.pt,True,572,322.2915785436869,1.0,576,4,572
aggregated_samples/tokens/maureenz_wm_00359.pt,True,572,322.2915785436869,1.0,576,4,572
aggregated_samples/tokens/maureenz_wm_00360.pt,True,572,322.2915785436869,1.0,576,4,572
aggregated_samples/tokens/maureenz_wm_00361.pt,True,572,322.2915785436869,1.0,576,4,572
aggregated_samples/tokens/maureenz_wm_00362.pt,True,572,322.2915785436869,1.0,576,4,572
aggregated_samples/tokens/maureenz_wm_00363.pt,True,572,322.2915785436869,1.0,576,4,572
aggregated_samples/tokens/maureenz_wm_00364.pt,True,572,322.2915785436869,1.0,576,4,572
aggregated_samples/tokens/maureenz_wm_00365.pt,True,572,322.2915785436869,1.0,576,4,572
aggregated_samples/tokens/maureenz_wm_00366.pt,True,572,322.2915785436869,1.0,576,4,572
aggregated_samples/tokens/maureenz_wm_00367.pt,True,572,322.2915785436869,1.0,576,4,572
aggregated_samples/tokens/maureenz_wm_00368.pt,True,572,322.2915785436869,1.0,576,4,572
aggregated_samples/tokens/maureenz_wm_00369.pt,True,572,322.2915785436869,1.0,576,4,572
aggregated_samples/tokens/maureenz_wm_00370.pt,True,572,322.2915785436869,1.0,576,4,572
aggregated_samples/tokens/maureenz_wm_00371.pt,True,572,322.2915785436869,1.0,576,4,572
aggregated_samples/tokens/maureenz_wm_00372.pt,True,572,322.2915785436869,1.0,576,4,572
aggregated_samples/tokens/maureenz_wm_00373.pt,True,572,322.2915785436869,1.0,576,4,572
aggregated_samples/tokens/maureenz_wm_00374.pt,True,572,322.2915785436869,1.0,576,4,572
aggregated_samples/tokens/maureenz_wm_00375.pt,True,572,322.2915785436869,1.0,576,4,572
aggregated_samples/tokens/maureenz_wm_00376.pt,True,572,322.2915785436869,1.0,576,4,572
aggregated_samples/tokens/maureenz_wm_00377.pt,True,572,322.2915785436869,1.0,576,4,572
aggregated_samples/tokens/maureenz_wm_00378.pt,True,572,322.2915785436869,1.0,576,4,572
aggregated_samples/tokens/maureenz_wm_00379.pt,True,572,322.2915785436869,1.0,576,4,572
aggregated_samples/tokens/maureenz_wm_00380.pt,True,572,322.2915785436869,1.0,576,4,572
aggregated_samples/tokens/maureenz_wm_00381.pt,True,572,322.2915785436869,1.0,576,4,572
aggregated_samples/tokens/maureenz_wm_00382.pt,True,572,322.2915785436869,1.0,576,4,572
aggregated_samples/tokens/maureenz_wm_00383.pt,True,572,322.2915785436869,1.0,576,4,572
aggregated_samples/tokens/maureenz_wm_00384.pt,True,572,322.2915785436869,1.0,576,4,572
aggregated_samples/tokens/maureenz_wm_00385.pt,True,572,322.2915785436869,1.0,576,4,572
aggregated_samples/tokens/maureenz_wm_00386.pt,True,572,322.2915785436869,1.0,576,4,572
aggregated_samples/tokens/maureenz_wm_00387.pt,True,572,322.2915785436869,1.0,576,4,572
aggregated_samples/tokens/maureenz_wm_00388.pt,True,572,322.2915785436869,1.0,576,4,572
aggregated_samples/tokens/maureenz_wm_00389.pt,True,572,322.2915785436869,1.0,576,4,572
aggregated_samples/tokens/maureenz_wm_00390.pt,True,572,322.2915785436869,1.0,576,4,572
aggregated_samples/tokens/maureenz_wm_00391.pt,True,572,322.2915785436869,1.0,576,4,572
aggregated_samples/tokens/maureenz_wm_00392.pt,True,572,322.2915785436869,1.0,576,4,572
aggregated_samples/tokens/maureenz_wm_00393.pt,True,572,322.2915785436869,1.0,576,4,572
aggregated_samples/tokens/maureenz_wm_00394.pt,True,572,322.2915785436869,1.0,576,4,572
aggregated_samples/tokens/maureenz_wm_00395.pt,True,572,322.2915785436869,1.0,576,4,572
aggregated_samples/tokens/maureenz_wm_00396.pt,True,572,322.2915785436869,1.0,576,4,572
aggregated_samples/tokens/maureenz_wm_00397.pt,True,572,322.2915785436869,1.0,576,4,572
aggregated_samples/tokens/maureenz_wm_00398.pt,True,572,322.2915785436869,1.0,576,4,572
aggregated_samples/tokens/maureenz_wm_00399.pt,True,572,322.2915785436869,1.0,576,4,572
aggregated_samples/tokens/maureenz_wm_00400.pt,True,572,322.2915785436869,1.0,576,4,572
aggregated_samples/tokens/maureenz_wm_00401.pt,True,572,322.2915785436869,1.0,576,4,572
aggregated_samples/tokens/maureenz_wm_00402.pt,True,572,322.2915785436869,1.0,576,4,572
aggregated_samples/tokens/maureenz_wm_00403.pt,True,572,322.2915785436869,1.0,576,4,572
aggregated_samples/tokens/maureenz_wm_00404.pt,True,572,322.2915785436869,1.0,576,4,572
aggregated_samples/tokens/maureenz_wm_00405.pt,True,572,322.2915785436869,1.0,576,4,572
aggregated_samples/tokens/maureenz_wm_00406.pt,True,572,322.2915785436869,1.0,576,4,572
aggregated_samples/tokens/maureenz_wm_00407.pt,True,572,322.2915785436869,1.0,576,4,572
aggregated_samples/tokens/maureenz_wm_00408.pt,True,572,322.2915785436869,1.0,576,4,572
aggregated_samples/tokens/maureenz_wm_00409.pt,True,572,322.2915785436869,1.0,576,4,572
aggregated_samples/tokens/maureenz_wm_00410.pt,True,572,322.2915785436869,1.0,576,4,572
aggregated_samples/tokens/maureenz_wm_00411.pt,True,572,322.2915785436869,1.0,576,4,572
aggregated_samples/tokens/maureenz_wm_00412.pt,True,572,322.2915785436869,1.0,576,4,572
aggregated_samples/tokens/maureenz_wm_00413.pt,True,572,322.2915785436869,1.0,576,4,572
aggregated_samples/tokens/maureenz_wm_00414.pt,True,572,322.2915785436869,1.0,576,4,572
aggregated_samples/tokens/maureenz_wm_00415.pt,True,572,322.2915785436869,1.0,576,4,572
aggregated_samples/tokens/maureenz_wm_00416.pt,True,572,322.2915785436869,1.0,576,4,572
aggregated_samples/tokens/maureenz_wm_00417.pt,True,572,322.2915785436869,1.0,576,4,572
aggregated_samples/tokens/maureenz_wm_00418.pt,True,572,322.2915785436869,1.0,576,4,572
aggregated_samples/tokens/maureenz_wm_00419.pt,True,572,322.2915785436869,1.0,576,4,572
aggregated_samples/tokens/maureenz_wm_00420.pt,True,572,322.2915785436869,1.0,576,4,572
aggregated_samples/tokens/maureenz_wm_00421.pt,True,572,322.2915785436869,1.0,576,4,572
aggregated_samples/tokens/maureenz_wm_00422.pt,True,572,322.2915785436869,1.0,576,4,572
aggregated_samples/tokens/maureenz_wm_00423.pt,True,572,322.2915785436869,1.0,576,4,572
aggregated_samples/tokens/maureenz_wm_00424.pt,True,572,322.2915785436869,1.0,576,4,572
aggregated_samples/tokens/maureenz_wm_00425.pt,True,572,322.2915785436869,1.0,576,4,572
aggregated_samples/tokens/maureenz_wm_00426.pt,True,572,322.2915785436869,1.0,576,4,572
aggregated_samples/tokens/maureenz_wm_00427.pt,True,572,322.2915785436869,1.0,576,4,572
aggregated_samples/tokens/maureenz_wm_00428.pt,True,572,322.2915785436869,1.0,576,4,572
aggregated_samples/tokens/maureenz_wm_00429.pt,True,572,322.2915785436869,1.0,576,4,572
aggregated_samples/tokens/maureenz_wm_00430.pt,True,572,322.2915785436869,1.0,576,4,572
aggregated_samples/tokens/maureenz_wm_00431.pt,True,572,322.2915785436869,1.0,576,4,572
aggregated_samples/tokens/maureenz_wm_00432.pt,True,572,322.2915785436869,1.0,576,4,572
aggregated_samples/tokens/maureenz_wm_00433.pt,True,572,322.2915785436869,1.0,576,4,572
aggregated_samples/tokens/maureenz_wm_00434.pt,True,572,322.2915785436869,1.0,576,4,572
aggregated_samples/tokens/maureenz_wm_00435.pt,True,572,322.2915785436869,1.0,576,4,572
aggregated_samples/tokens/maureenz_wm_00436.pt,True,572,322.2915785436869,1.0,576,4,572
aggregated_samples/tokens/maureenz_wm_00437.pt,True,572,322.2915785436869,1.0,576,4,572
aggregated_samples/tokens/maureenz_wm_00438.pt,True,572,322.2915785436869,1.0,576,4,572
aggregated_samples/tokens/maureenz_wm_00439.pt,True,572,322.2915785436869,1.0,576,4,572
aggregated_samples/tokens/maureenz_wm_00440.pt,True,572,322.2915785436869,1.0,576,4,572
aggregated_samples/tokens/maureenz_wm_00441.pt,True,572,322.2915785436869,1.0,576,4,572
aggregated_samples/tokens/maureenz_wm_00442.pt,True,572,322.2915785436869,1.0,576,4,572
aggregated_samples/tokens/maureenz_wm_00443.pt,True,572,322.2915785436869,1.0,576,4,572
aggregated_samples/tokens/maureenz_wm_00444.pt,True,572,322.2915785436869,1.0,576,4,572
aggregated_samples/tokens/maureenz_wm_00445.pt,True,572,322.2915785436869,1.0,576,4,572
aggregated_samples/tokens/maureenz_wm_00446.pt,True,572,322.2915785436869,1.0,576,4,572
aggregated_samples/tokens/maureenz_wm_00447.pt,True,572,322.2915785436869,1.0,576,4,572
aggregated_samples/tokens/maureenz_wm_00448.pt,True,572,322.2915785436869,1.0,576,4,572
aggregated_samples/tokens/maureenz_wm_00449.pt,True,572,322.2915785436869,1.0,576,4,572
aggregated_samples/tokens/maureenz_wm_00450.pt,True,572,322.2915785436869,1.0,576,4,572
aggregated_samples/tokens/maureenz_wm_00451.pt,True,572,322.2915785436869,1.0,576,4,572
aggregated_samples/tokens/maureenz_wm_00452.pt,True,572,322.2915785436869,1.0,576,4,572
aggregated_samples/tokens/maureenz_wm_00453.pt,True,572,322.2915785436869,1.0,576,4,572
aggregated_samples/tokens/maureenz_wm_00454.pt,True,572,322.2915785436869,1.0,576,4,572
aggregated_samples/tokens/maureenz_wm_00455.pt,True,572,322.2915785436869,1.0,576,4,572
aggregated_samples/tokens/maureenz_wm_00456.pt,True,572,322.2915785436869,1.0,576,4,572
aggregated_samples/tokens/maureenz_wm_00457.pt,True,572,322.2915785436869,1.0,576,4,572
aggregated_samples/tokens/maureenz_wm_00458.pt,True,572,322.2915785436869,1.0,576,4,572
aggregated_samples/tokens/maureenz_wm_00459.pt,True,572,322.2915785436869,1.0,576,4,572
aggregated_samples/tokens/maureenz_wm_00460.pt,True,572,322.2915785436869,1.0,576,4,572
aggregated_samples/tokens/maureenz_wm_00461.pt,True,572,322.2915785436869,1.0,576,4,572
aggregated_samples/tokens/maureenz_wm_00462.pt,True,572,322.2915785436869,1.0,576,4,572
aggregated_samples/tokens/maureenz_wm_00463.pt,True,572,322.2915785436869,1.0,576,4,572
aggregated_samples/tokens/maureenz_wm_00464.pt,True,572,322.2915785436869,1.0,576,4,572
aggregated_samples/tokens/maureenz_wm_00465.pt,True,572,322.2915785436869,1.0,576,4,572
aggregated_samples/tokens/maureenz_wm_00466.pt,True,572,322.2915785436869,1.0,576,4,572
aggregated_samples/tokens/maureenz_wm_00467.pt,True,572,322.2915785436869,1.0,576,4,572
aggregated_samples/tokens/maureenz_wm_00468.pt,True,572,322.2915785436869,1.0,576,4,572
aggregated_samples/tokens/maureenz_wm_00469.pt,True,572,322.2915785436869,1.0,576,4,572
aggregated_samples/tokens/maureenz_wm_00470.pt,True,572,322.2915785436869,1.0,576,4,572
aggregated_samples/tokens/maureenz_wm_00471.pt,True,572,322.2915785436869,1.0,576,4,572
aggregated_samples/tokens/maureenz_wm_00472.pt,True,572,322.2915785436869,1.0,576,4,572
aggregated_samples/tokens/maureenz_wm_00473.pt,True,572,322.2915785436869,1.0,576,4,572
aggregated_samples/tokens/maureenz_wm_00474.pt,True,572,322.2915785436869,1.0,576,4,572
aggregated_samples/tokens/maureenz_wm_00475.pt,True,572,322.2915785436869,1.0,576,4,572
aggregated_samples/tokens/maureenz_wm_00476.pt,True,572,322.2915785436869,1.0,576,4,572
aggregated_samples/tokens/maureenz_wm_00477.pt,True,572,322.2915785436869,1.0,576,4,572
aggregated_samples/tokens/maureenz_wm_00478.pt,True,572,322.2915785436869,1.0,576,4,572
aggregated_samples/tokens/maureenz_wm_00479.pt,True,572,322.2915785436869,1.0,576,4,572
aggregated_samples/tokens/maureenz_wm_00480.pt,True,572,322.2915785436869,1.0,576,4,572
aggregated_samples/tokens/maureenz_wm_00481.pt,True,572,322.2915785436869,1.0,576,4,572
aggregated_samples/tokens/maureenz_wm_00482.pt,True,572,322.2915785436869,1.0,576,4,572
aggregated_samples/tokens/maureenz_wm_00483.pt,True,572,322.2915785436869,1.0,576,4,572
aggregated_samples/tokens/maureenz_wm_00484.pt,True,572,322.2915785436869,1.0,576,4,572
aggregated_samples/tokens/maureenz_wm_00485.pt,True,572,322.2915785436869,1.0,576,4,572
aggregated_samples/tokens/maureenz_wm_00486.pt,True,572,322.2915785436869,1.0,576,4,572
aggregated_samples/tokens/maureenz_wm_00487.pt,True,572,322.2915785436869,1.0,576,4,572
aggregated_samples/tokens/maureenz_wm_00488.pt,True,572,322.2915785436869,1.0,576,4,572
aggregated_samples/tokens/maureenz_wm_00489.pt,True,572,322.2915785436869,1.0,576,4,572
aggregated_samples/tokens/maureenz_wm_00490.pt,True,572,322.2915785436869,1.0,576,4,572
aggregated_samples/tokens/maureenz_wm_00491.pt,True,572,322.2915785436869,1.0,576,4,572
aggregated_samples/tokens/maureenz_wm_00492.pt,True,572,322.2915785436869,1.0,576,4,572
aggregated_samples/tokens/maureenz_wm_00493.pt,True,572,322.2915785436869,1.0,576,4,572
aggregated_samples/tokens/maureenz_wm_00494.pt,True,572,322.2915785436869,1.0,576,4,572
aggregated_samples/tokens/maureenz_wm_00495.pt,True,572,322.2915785436869,1.0,576,4,572
aggregated_samples/tokens/maureenz_wm_00496.pt,True,572,322.2915785436869,1.0,576,4,572
aggregated_samples/tokens/maureenz_wm_00497.pt,True,572,322.2915785436869,1.0,576,4,572
aggregated_samples/tokens/maureenz_wm_00498.pt,True,572,322.2915785436869,1.0,576,4,572
aggregated_samples/tokens/maureenz_wm_00499.pt,True,572,322.2915785436869,1.0,576,4,572
aggregated_samples/tokens/maureenz_wm_00500.pt,True,572,322.2915785436869,1.0,576,4,572
aggregated_samples/tokens/maureenz_wm_00501.pt,True,572,322.2915785436869,1.0,576,4,572
aggregated_samples/tokens/maureenz_wm_00502.pt,True,572,322.2915785436869,1.0,576,4,572
aggregated_samples/tokens/maureenz_wm_00503.pt,True,572,322.2915785436869,1.0,576,4,572
aggregated_samples/tokens/maureenz_wm_00504.pt,True,572,322.2915785436869,1.0,576,4,572
aggregated_samples/tokens/maureenz_wm_00505.pt,True,572,322.2915785436869,1.0,576,4,572
aggregated_samples/tokens/maureenz_wm_00506.pt,True,572,322.2915785436869,1.0,576,4,572
aggregated_samples/tokens/maureenz_wm_00507.pt,True,572,322.2915785436869,1.0,576,4,572
aggregated_samples/tokens/maureenz_wm_00508.pt,True,572,322.2915785436869,1.0,576,4,572
aggregated_samples/tokens/maureenz_wm_00509.pt,True,572,322.2915785436869,1.0,576,4,572
aggregated_samples/tokens/maureenz_wm_00510.pt,True,572,322.2915785436869,1.0,576,4,572
aggregated_samples/tokens/maureenz_wm_00511.pt,True,572,322.2915785436869,1.0,576,4,572
aggregated_samples/tokens/maureenz_wm_00512.pt,True,572,322.2915785436869,1.0,576,4,572
aggregated_samples/tokens/maureenz_wm_00513.pt,True,572,322.2915785436869,1.0,576,4,572
aggregated_samples/tokens/maureenz_wm_00514.pt,True,572,322.2915785436869,1.0,576,4,572
aggregated_samples/tokens/maureenz_wm_00515.pt,True,572,322.2915785436869,1.0,576,4,572
aggregated_samples/tokens/maureenz_wm_00516.pt,True,572,322.2915785436869,1.0,576,4,572
aggregated_samples/tokens/maureenz_wm_00517.pt,True,572,322.2915785436869,1.0,576,4,572
aggregated_samples/tokens/maureenz_wm_00518.pt,True,572,322.2915785436869,1.0,576,4,572
aggregated_samples/tokens/maureenz_wm_00519.pt,True,572,322.2915785436869,1.0,576,4,572
aggregated_samples/tokens/maureenz_wm_00520.pt,True,572,322.2915785436869,1.0,576,4,572
aggregated_samples/tokens/maureenz_wm_00521.pt,True,572,322.2915785436869,1.0,576,4,572
aggregated_samples/tokens/maureenz_wm_00522.pt,True,572,322.2915785436869,1.0,576,4,572
aggregated_samples/tokens/maureenz_wm_00523.pt,True,572,322.2915785436869,1.0,576,4,572
aggregated_samples/tokens/maureenz_wm_00524.pt,True,572,322.2915785436869,1.0,576,4,572
aggregated_samples/tokens/maureenz_wm_00525.pt,True,572,322.2915785436869,1.0,576,4,572
aggregated_samples/tokens/maureenz_wm_00526.pt,True,572,322.2915785436869,1.0,576,4,572
aggregated_samples/tokens/maureenz_wm_00527.pt,True,572,322.2915785436869,1.0,576,4,572
aggregated_samples/tokens/maureenz_wm_00528.pt,True,572,322.2915785436869,1.0,576,4,572
aggregated_samples/tokens/maureenz_wm_00529.pt,True,572,322.2915785436869,1.0,576,4,572
aggregated_samples/tokens/maureenz_wm_00530.pt,True,572,322.2915785436869,1.0,576,4,572
aggregated_samples/tokens/maureenz_wm_00531.pt,True,572,322.2915785436869,1.0,576,4,572
aggregated_samples/tokens/maureenz_wm_00532.pt,True,572,322.2915785436869,1.0,576,4,572
aggregated_samples/tokens/maureenz_wm_00533.pt,True,572,322.2915785436869,1.0,576,4,572
aggregated_samples/tokens/maureenz_wm_00534.pt,True,572,322.2915785436869,1.0,576,4,572
aggregated_samples/tokens/maureenz_wm_00535.pt,True,572,322.2915785436869,1.0,576,4,572
aggregated_samples/tokens/maureenz_wm_00536.pt,True,572,322.2915785436869,1.0,576,4,572
aggregated_samples/tokens/maureenz_wm_00537.pt,True,572,322.2915785436869,1.0,576,4,572
aggregated_samples/tokens/maureenz_wm_00538.pt,True,572,322.2915785436869,1.0,576,4,572
aggregated_samples/tokens/maureenz_wm_00539.pt,True,572,322.2915785436869,1.0,576,4,572
aggregated_samples/tokens/maureenz_wm_00540.pt,True,572,322.2915785436869,1.0,576,4,572
aggregated_samples/tokens/maureenz_wm_00541.pt,True,572,322.2915785436869,1.0,576,4,572
aggregated_samples/tokens/maureenz_wm_00542.pt,True,572,322.2915785436869,1.0,576,4,572
aggregated_samples/tokens/maureenz_wm_00543.pt,True,572,322.2915785436869,1.0,576,4,572
aggregated_samples/tokens/maureenz_wm_00544.pt,True,572,322.2915785436869,1.0,576,4,572
aggregated_samples/tokens/maureenz_wm_00545.pt,True,572,322.2915785436869,1.0,576,4,572
aggregated_samples/tokens/maureenz_wm_00546.pt,True,572,322.2915785436869,1.0,576,4,572
aggregated_samples/tokens/maureenz_wm_00547.pt,True,572,322.2915785436869,1.0,576,4,572
aggregated_samples/tokens/maureenz_wm_00548.pt,True,572,322.2915785436869,1.0,576,4,572
aggregated_samples/tokens/maureenz_wm_00549.pt,True,572,322.2915785436869,1.0,576,4,572
aggregated_samples/tokens/maureenz_wm_00550.pt,True,572,322.2915785436869,1.0,576,4,572
aggregated_samples/tokens/maureenz_wm_00551.pt,True,572,322.2915785436869,1.0,576,4,572
aggregated_samples/tokens/maureenz_wm_00552.pt,True,572,322.2915785436869,1.0,576,4,572
aggregated_samples/tokens/maureenz_wm_00553.pt,True,572,322.2915785436869,1.0,576,4,572
aggregated_samples/tokens/maureenz_wm_00554.pt,True,572,322.2915785436869,1.0,576,4,572
aggregated_samples/tokens/maureenz_wm_00555.pt,True,572,322.2915785436869,1.0,576,4,572
aggregated_samples/tokens/maureenz_wm_00556.pt,True,572,322.2915785436869,1.0,576,4,572
aggregated_samples/tokens/maureenz_wm_00557.pt,True,572,322.2915785436869,1.0,576,4,572
aggregated_samples/tokens/maureenz_wm_00558.pt,True,572,322.2915785436869,1.0,576,4,572
aggregated_samples/tokens/maureenz_wm_00559.pt,True,572,322.2915785436869,1.0,576,4,572
aggregated_samples/tokens/maureenz_wm_00560.pt,True,572,322.2915785436869,1.0,576,4,572
aggregated_samples/tokens/maureenz_wm_00561.pt,True,572,322.2915785436869,1.0,576,4,572
aggregated_samples/tokens/maureenz_wm_00562.pt,True,572,322.2915785436869,1.0,576,4,572
aggregated_samples/tokens/maureenz_wm_00563.pt,True,572,322.2915785436869,1.0,576,4,572
aggregated_samples/tokens/maureenz_wm_00564.pt,True,572,322.2915785436869,1.0,576,4,572
aggregated_samples/tokens/maureenz_wm_00565.pt,True,572,322.2915785436869,1.0,576,4,572
aggregated_samples/tokens/maureenz_wm_00566.pt,True,572,322.2915785436869,1.0,576,4,572
aggregated_samples/tokens/maureenz_wm_00567.pt,True,572,322.2915785436869,1.0,576,4,572
aggregated_samples/tokens/maureenz_wm_00568.pt,True,572,322.2915785436869,1.0,576,4,572
aggregated_samples/tokens/maureenz_wm_00569.pt,True,572,322.2915785436869,1.0,576,4,572
aggregated_samples/tokens/maureenz_wm_00570.pt,True,572,322.2915785436869,1.0,576,4,572
aggregated_samples/tokens/maureenz_wm_00571.pt,True,572,322.2915785436869,1.0,576,4,572
aggregated_samples/tokens/maureenz_wm_00572.pt,True,572,322.2915785436869,1.0,576,4,572
aggregated_samples/tokens/maureenz_wm_00573.pt,True,572,322.2915785436869,1.0,576,4,572
aggregated_samples/tokens/maureenz_wm_00574.pt,True,572,322.2915785436869,1.0,576,4,572
aggregated_samples/tokens/maureenz_wm_00575.pt,True,572,322.2915785436869,1.0,576,4,572
aggregated_samples/tokens/maureenz_wm_00576.pt,True,572,322.2915785436869,1.0,576,4,572
aggregated_samples/tokens/maureenz_wm_00577.pt,True,572,322.2915785436869,1.0,576,4,572
aggregated_samples/tokens/maureenz_wm_00578.pt,True,572,322.2915785436869,1.0,576,4,572
aggregated_samples/tokens/maureenz_wm_00579.pt,True,572,322.2915785436869,1.0,576,4,572
aggregated_samples/tokens/maureenz_wm_00580.pt,True,572,322.2915785436869,1.0,576,4,572
aggregated_samples/tokens/maureenz_wm_00581.pt,True,572,322.2915785436869,1.0,576,4,572
aggregated_samples/tokens/maureenz_wm_00582.pt,True,572,322.2915785436869,1.0,576,4,572
aggregated_samples/tokens/maureenz_wm_00583.pt,True,572,322.2915785436869,1.0,576,4,572
aggregated_samples/tokens/maureenz_wm_00584.pt,True,572,322.2915785436869,1.0,576,4,572
aggregated_samples/tokens/maureenz_wm_00585.pt,True,572,322.2915785436869,1.0,576,4,572
aggregated_samples/tokens/maureenz_wm_00586.pt,True,572,322.2915785436869,1.0,576,4,572
aggregated_samples/tokens/maureenz_wm_00587.pt,True,572,322.2915785436869,1.0,576,4,572
aggregated_samples/tokens/maureenz_wm_00588.pt,True,572,322.2915785436869,1.0,576,4,572
aggregated_samples/tokens/maureenz_wm_00589.pt,True,572,322.2915785436869,1.0,576,4,572
aggregated_samples/tokens/maureenz_wm_00590.pt,True,572,322.2915785436869,1.0,576,4,572
aggregated_samples/tokens/maureenz_wm_00591.pt,True,572,322.2915785436869,1.0,576,4,572
aggregated_samples/tokens/maureenz_wm_00592.pt,True,572,322.2915785436869,1.0,576,4,572
aggregated_samples/tokens/maureenz_wm_00593.pt,True,572,322.2915785436869,1.0,576,4,572
aggregated_samples/tokens/maureenz_wm_00594.pt,True,572,322.2915785436869,1.0,576,4,572
aggregated_samples/tokens/maureenz_wm_00595.pt,True,572,322.2915785436869,1.0,576,4,572
aggregated_samples/tokens/maureenz_wm_00596.pt,True,572,322.2915785436869,1.0,576,4,572
aggregated_samples/tokens/maureenz_wm_00597.pt,True,572,322.2915785436869,1.0,576,4,572
aggregated_samples/tokens/maureenz_wm_00598.pt,True,572,322.2915785436869,1.0,576,4,572
aggregated_samples/tokens/maureenz_wm_00599.pt,True,572,322.2915785436869,1.0,576,4,572
aggregated_samples/tokens/maureenz_wm_00600.pt,True,572,322.2915785436869,1.0,576,4,572
aggregated_samples/tokens/maureenz_wm_00601.pt,True,572,322.2915785436869,1.0,576,4,572
aggregated_samples/tokens/maureenz_wm_00602.pt,True,572,322.2915785436869,1.0,576,4,572
aggregated_samples/tokens/maureenz_wm_00603.pt,True,572,322.2915785436869,1.0,576,4,572
aggregated_samples/tokens/maureenz_wm_00604.pt,True,572,322.2915785436869,1.0,576,4,572
aggregated_samples/tokens/maureenz_wm_00605.pt,True,572,322.2915785436869,1.0,576,4,572
aggregated_samples/tokens/maureenz_wm_00606.pt,True,572,322.2915785436869,1.0,576,4,572
aggregated_samples/tokens/maureenz_wm_00607.pt,True,572,322.2915785436869,1.0,576,4,572
aggregated_samples/tokens/maureenz_wm_00608.pt,True,572,322.2915785436869,1.0,576,4,572
aggregated_samples/tokens/maureenz_wm_00609.pt,True,572,322.2915785436869,1.0,576,4,572
aggregated_samples/tokens/maureenz_wm_00610.pt,True,572,322.2915785436869,1.0,576,4,572
aggregated_samples/tokens/maureenz_wm_00611.pt,True,572,322.2915785436869,1.0,576,4,572
aggregated_samples/tokens/maureenz_wm_00612.pt,True,572,322.2915785436869,1.0,576,4,572
aggregated_samples/tokens/maureenz_wm_00613.pt,True,572,322.2915785436869,1.0,576,4,572
aggregated_samples/tokens/maureenz_wm_00614.pt,True,572,322.2915785436869,1.0,576,4,572
aggregated_samples/tokens/maureenz_wm_00615.pt,True,572,322.2915785436869,1.0,576,4,572
aggregated_samples/tokens/maureenz_wm_00616.pt,True,572,322.2915785436869,1.0,576,4,572
aggregated_samples/tokens/maureenz_wm_00617.pt,True,572,322.2915785436869,1.0,576,4,572
aggregated_samples/tokens/maureenz_wm_00618.pt,True,572,322.2915785436869,1.0,576,4,572
aggregated_samples/tokens/maureenz_wm_00619.pt,True,572,322.2915785436869,1.0,576,4,572
aggregated_samples/tokens/maureenz_wm_00620.pt,True,572,322.2915785436869,1.0,576,4,572
aggregated_samples/tokens/maureenz_wm_00621.pt,True,572,322.2915785436869,1.0,576,4,572
aggregated_samples/tokens/maureenz_wm_00622.pt,True,572,322.2915785436869,1.0,576,4,572
aggregated_samples/tokens/maureenz_wm_00623.pt,True,572,322.2915785436869,1.0,576,4,572
aggregated_samples/tokens/maureenz_wm_00624.pt,True,572,322.2915785436869,1.0,576,4,572
aggregated_samples/tokens/maureenz_wm_00625.pt,True,572,322.2915785436869,1.0,576,4,572
aggregated_samples/tokens/maureenz_wm_00626.pt,True,572,322.2915785436869,1.0,576,4,572
aggregated_samples/tokens/maureenz_wm_00627.pt,True,572,322.2915785436869,1.0,576,4,572
aggregated_samples/tokens/maureenz_wm_00628.pt,True,572,322.2915785436869,1.0,576,4,572
aggregated_samples/tokens/maureenz_wm_00629.pt,True,572,322.2915785436869,1.0,576,4,572
aggregated_samples/tokens/maureenz_wm_00630.pt,True,572,322.2915785436869,1.0,576,4,572
aggregated_samples/tokens/maureenz_wm_00631.pt,True,572,322.2915785436869,1.0,576,4,572
aggregated_samples/tokens/maureenz_wm_00632.pt,True,572,322.2915785436869,1.0,576,4,572
aggregated_samples/tokens/maureenz_wm_00633.pt,True,572,322.2915785436869,1.0,576,4,572
aggregated_samples/tokens/maureenz_wm_00634.pt,True,572,322.2915785436869,1.0,576,4,572
aggregated_samples/tokens/maureenz_wm_00635.pt,True,572,322.2915785436869,1.0,576,4,572
aggregated_samples/tokens/maureenz_wm_00636.pt,True,572,322.2915785436869,1.0,576,4,572
aggregated_samples/tokens/maureenz_wm_00637.pt,True,572,322.2915785436869,1.0,576,4,572
aggregated_samples/tokens/maureenz_wm_00638.pt,True,572,322.2915785436869,1.0,576,4,572
aggregated_samples/tokens/maureenz_wm_00639.pt,True,572,322.2915785436869,1.0,576,4,572
aggregated_samples/tokens/maureenz_wm_00640.pt,True,572,322.2915785436869,1.0,576,4,572
aggregated_samples/tokens/maureenz_wm_00641.pt,True,572,322.2915785436869,1.0,576,4,572
aggregated_samples/tokens/maureenz_wm_00642.pt,True,572,322.2915785436869,1.0,576,4,572
aggregated_samples/tokens/maureenz_wm_00643.pt,True,572,322.2915785436869,1.0,576,4,572
aggregated_samples/tokens/maureenz_wm_00644.pt,True,572,322.2915785436869,1.0,576,4,572
aggregated_samples/tokens/maureenz_wm_00645.pt,True,572,322.2915785436869,1.0,576,4,572
aggregated_samples/tokens/maureenz_wm_00646.pt,True,572,322.2915785436869,1.0,576,4,572
aggregated_samples/tokens/maureenz_wm_00647.pt,True,572,322.2915785436869,1.0,576,4,572
aggregated_samples/tokens/maureenz_wm_00648.pt,True,572,322.2915785436869,1.0,576,4,572
aggregated_samples/tokens/maureenz_wm_00649.pt,True,572,322.2915785436869,1.0,576,4,572
aggregated_samples/tokens/maureenz_wm_00650.pt,True,572,322.2915785436869,1.0,576,4,572
aggregated_samples/tokens/maureenz_wm_00651.pt,True,572,322.2915785436869,1.0,576,4,572
aggregated_samples/tokens/maureenz_wm_00652.pt,True,572,322.2915785436869,1.0,576,4,572
aggregated_samples/tokens/maureenz_wm_00653.pt,True,572,322.2915785436869,1.0,576,4,572
aggregated_samples/tokens/maureenz_wm_00654.pt,True,572,322.2915785436869,1.0,576,4,572
aggregated_samples/tokens/maureenz_wm_00655.pt,True,572,322.2915785436869,1.0,576,4,572
aggregated_samples/tokens/maureenz_wm_00656.pt,True,572,322.2915785436869,1.0,576,4,572
aggregated_samples/tokens/maureenz_wm_00657.pt,True,572,322.2915785436869,1.0,576,4,572
aggregated_samples/tokens/maureenz_wm_00658.pt,True,572,322.2915785436869,1.0,576,4,572
aggregated_samples/tokens/maureenz_wm_00659.pt,True,572,322.2915785436869,1.0,576,4,572
aggregated_samples/tokens/maureenz_wm_00660.pt,True,572,322.2915785436869,1.0,576,4,572
aggregated_samples/tokens/maureenz_wm_00661.pt,True,572,322.2915785436869,1.0,576,4,572
aggregated_samples/tokens/maureenz_wm_00662.pt,True,572,322.2915785436869,1.0,576,4,572
aggregated_samples/tokens/maureenz_wm_00663.pt,True,572,322.2915785436869,1.0,576,4,572
aggregated_samples/tokens/maureenz_wm_00664.pt,True,572,322.2915785436869,1.0,576,4,572
aggregated_samples/tokens/maureenz_wm_00665.pt,True,572,322.2915785436869,1.0,576,4,572
aggregated_samples/tokens/reugene_wm_00666.pt,True,572,322.2915785436869,1.0,576,4,572
aggregated_samples/tokens/reugene_wm_00667.pt,True,572,322.2915785436869,1.0,576,4,572
aggregated_samples/tokens/reugene_wm_00668.pt,True,572,322.2915785436869,1.0,576,4,572
aggregated_samples/tokens/reugene_wm_00669.pt,True,572,322.2915785436869,1.0,576,4,572
aggregated_samples/tokens/reugene_wm_00670.pt,True,572,322.2915785436869,1.0,576,4,572
aggregated_samples/tokens/reugene_wm_00671.pt,True,572,322.2915785436869,1.0,576,4,572
aggregated_samples/tokens/reugene_wm_00672.pt,True,572,322.2915785436869,1.0,576,4,572
aggregated_samples/tokens/reugene_wm_00673.pt,True,572,322.2915785436869,1.0,576,4,572
aggregated_samples/tokens/reugene_wm_00674.pt,True,572,322.2915785436869,1.0,576,4,572
aggregated_samples/tokens/reugene_wm_00675.pt,True,572,322.2915785436869,1.0,576,4,572
aggregated_samples/tokens/reugene_wm_00676.pt,True,572,322.2915785436869,1.0,576,4,572
aggregated_samples/tokens/reugene_wm_00677.pt,True,572,322.2915785436869,1.0,576,4,572
aggregated_samples/tokens/reugene_wm_00678.pt,True,572,322.2915785436869,1.0,576,4,572
aggregated_samples/tokens/reugene_wm_00679.pt,True,572,322.2915785436869,1.0,576,4,572
aggregated_samples/tokens/reugene_wm_00680.pt,True,572,322.2915785436869,1.0,576,4,572
aggregated_samples/tokens/reugene_wm_00681.pt,True,572,322.2915785436869,1.0,576,4,572
aggregated_samples/tokens/reugene_wm_00682.pt,True,572,322.2915785436869,1.0,576,4,572
aggregated_samples/tokens/reugene_wm_00683.pt,True,572,322.2915785436869,1.0,576,4,572
aggregated_samples/tokens/reugene_wm_00684.pt,True,572,322.2915785436869,1.0,576,4,572
aggregated_samples/tokens/reugene_wm_00685.pt,True,572,322.2915785436869,1.0,576,4,572
aggregated_samples/tokens/reugene_wm_00686.pt,True,572,322.2915785436869,1.0,576,4,572
aggregated_samples/tokens/reugene_wm_00687.pt,True,572,322.2915785436869,1.0,576,4,572
aggregated_samples/tokens/reugene_wm_00688.pt,True,572,322.2915785436869,1.0,576,4,572
aggregated_samples/tokens/reugene_wm_00689.pt,True,572,322.2915785436869,1.0,576,4,572
aggregated_samples/tokens/reugene_wm_00690.pt,True,572,322.2915785436869,1.0,576,4,572
aggregated_samples/tokens/reugene_wm_00691.pt,True,572,322.2915785436869,1.0,576,4,572
aggregated_samples/tokens/reugene_wm_00692.pt,True,572,322.2915785436869,1.0,576,4,572
aggregated_samples/tokens/reugene_wm_00693.pt,True,572,322.2915785436869,1.0,576,4,572
aggregated_samples/tokens/reugene_wm_00694.pt,True,572,322.2915785436869,1.0,576,4,572
aggregated_samples/tokens/reugene_wm_00695.pt,True,572,322.2915785436869,1.0,576,4,572
aggregated_samples/tokens/reugene_wm_00696.pt,True,572,322.2915785436869,1.0,576,4,572
aggregated_samples/tokens/reugene_wm_00697.pt,True,572,322.2915785436869,1.0,576,4,572
aggregated_samples/tokens/reugene_wm_00698.pt,True,572,322.2915785436869,1.0,576,4,572
aggregated_samples/tokens/reugene_wm_00699.pt,True,572,322.2915785436869,1.0,576,4,572
aggregated_samples/tokens/reugene_wm_00700.pt,True,572,322.2915785436869,1.0,576,4,572
aggregated_samples/tokens/reugene_wm_00701.pt,True,572,322.2915785436869,1.0,576,4,572
aggregated_samples/tokens/reugene_wm_00702.pt,True,572,322.2915785436869,1.0,576,4,572
aggregated_samples/tokens/reugene_wm_00703.pt,True,572,322.2915785436869,1.0,576,4,572
aggregated_samples/tokens/reugene_wm_00704.pt,True,572,322.2915785436869,1.0,576,4,572
aggregated_samples/tokens/reugene_wm_00705.pt,True,572,322.2915785436869,1.0,576,4,572
aggregated_samples/tokens/reugene_wm_00706.pt,True,572,322.2915785436869,1.0,576,4,572
aggregated_samples/tokens/reugene_wm_00707.pt,True,572,322.2915785436869,1.0,576,4,572
aggregated_samples/tokens/reugene_wm_00708.pt,True,572,322.2915785436869,1.0,576,4,572
aggregated_samples/tokens/reugene_wm_00709.pt,True,572,322.2915785436869,1.0,576,4,572
aggregated_samples/tokens/reugene_wm_00710.pt,True,572,322.2915785436869,1.0,576,4,572
aggregated_samples/tokens/reugene_wm_00711.pt,True,572,322.2915785436869,1.0,576,4,572
aggregated_samples/tokens/reugene_wm_00712.pt,True,572,322.2915785436869,1.0,576,4,572
aggregated_samples/tokens/reugene_wm_00713.pt,True,572,322.2915785436869,1.0,576,4,572
aggregated_samples/tokens/reugene_wm_00714.pt,True,572,322.2915785436869,1.0,576,4,572
aggregated_samples/tokens/reugene_wm_00715.pt,True,572,322.2915785436869,1.0,576,4,572
aggregated_samples/tokens/reugene_wm_00716.pt,True,572,322.2915785436869,1.0,576,4,572
aggregated_samples/tokens/reugene_wm_00717.pt,True,572,322.2915785436869,1.0,576,4,572
aggregated_samples/tokens/reugene_wm_00718.pt,True,572,322.2915785436869,1.0,576,4,572
aggregated_samples/tokens/reugene_wm_00719.pt,True,572,322.2915785436869,1.0,576,4,572
aggregated_samples/tokens/reugene_wm_00720.pt,True,572,322.2915785436869,1.0,576,4,572
aggregated_samples/tokens/reugene_wm_00721.pt,True,572,322.2915785436869,1.0,576,4,572
aggregated_samples/tokens/reugene_wm_00722.pt,True,572,322.2915785436869,1.0,576,4,572
aggregated_samples/tokens/reugene_wm_00723.pt,True,572,322.2915785436869,1.0,576,4,572
aggregated_samples/tokens/reugene_wm_00724.pt,True,572,322.2915785436869,1.0,576,4,572
aggregated_samples/tokens/reugene_wm_00725.pt,True,572,322.2915785436869,1.0,576,4,572
aggregated_samples/tokens/reugene_wm_00726.pt,True,572,322.2915785436869,1.0,576,4,572
aggregated_samples/tokens/reugene_wm_00727.pt,True,572,322.2915785436869,1.0,576,4,572
aggregated_samples/tokens/reugene_wm_00728.pt,True,572,322.2915785436869,1.0,576,4,572
aggregated_samples/tokens/reugene_wm_00729.pt,True,572,322.2915785436869,1.0,576,4,572
aggregated_samples/tokens/reugene_wm_00730.pt,True,572,322.2915785436869,1.0,576,4,572
aggregated_samples/tokens/reugene_wm_00731.pt,True,572,322.2915785436869,1.0,576,4,572
aggregated_samples/tokens/reugene_wm_00732.pt,True,572,322.2915785436869,1.0,576,4,572
aggregated_samples/tokens/reugene_wm_00733.pt,True,572,322.2915785436869,1.0,576,4,572
aggregated_samples/tokens/reugene_wm_00734.pt,True,572,322.2915785436869,1.0,576,4,572
aggregated_samples/tokens/reugene_wm_00735.pt,True,572,322.2915785436869,1.0,576,4,572
aggregated_samples/tokens/reugene_wm_00736.pt,True,572,322.2915785436869,1.0,576,4,572
aggregated_samples/tokens/reugene_wm_00737.pt,True,572,322.2915785436869,1.0,576,4,572
aggregated_samples/tokens/reugene_wm_00738.pt,True,572,322.2915785436869,1.0,576,4,572
aggregated_samples/tokens/reugene_wm_00739.pt,True,572,322.2915785436869,1.0,576,4,572
aggregated_samples/tokens/reugene_wm_00740.pt,True,572,322.2915785436869,1.0,576,4,572
aggregated_samples/tokens/reugene_wm_00741.pt,True,572,322.2915785436869,1.0,576,4,572
aggregated_samples/tokens/reugene_wm_00742.pt,True,572,322.2915785436869,1.0,576,4,572
aggregated_samples/tokens/reugene_wm_00743.pt,True,572,322.2915785436869,1.0,576,4,572
aggregated_samples/tokens/reugene_wm_00744.pt,True,572,322.2915785436869,1.0,576,4,572
aggregated_samples/tokens/reugene_wm_00745.pt,True,572,322.2915785436869,1.0,576,4,572
aggregated_samples/tokens/reugene_wm_00746.pt,True,572,322.2915785436869,1.0,576,4,572
aggregated_samples/tokens/reugene_wm_00747.pt,True,572,322.2915785436869,1.0,576,4,572
aggregated_samples/tokens/reugene_wm_00748.pt,True,572,322.2915785436869,1.0,576,4,572
aggregated_samples/tokens/reugene_wm_00749.pt,True,572,322.2915785436869,1.0,576,4,572
aggregated_samples/tokens/reugene_wm_00750.pt,True,572,322.2915785436869,1.0,576,4,572
aggregated_samples/tokens/reugene_wm_00751.pt,True,572,322.2915785436869,1.0,576,4,572
aggregated_samples/tokens/reugene_wm_00752.pt,True,572,322.2915785436869,1.0,576,4,572
aggregated_samples/tokens/reugene_wm_00753.pt,True,572,322.2915785436869,1.0,576,4,572
aggregated_samples/tokens/reugene_wm_00754.pt,True,572,322.2915785436869,1.0,576,4,572
aggregated_samples/tokens/reugene_wm_00755.pt,True,572,322.2915785436869,1.0,576,4,572
aggregated_samples/tokens/reugene_wm_00756.pt,True,572,322.2915785436869,1.0,576,4,572
aggregated_samples/tokens/reugene_wm_00757.pt,True,572,322.2915785436869,1.0,576,4,572
aggregated_samples/tokens/reugene_wm_00758.pt,True,572,322.2915785436869,1.0,576,4,572
aggregated_samples/tokens/reugene_wm_00759.pt,True,572,322.2915785436869,1.0,576,4,572
aggregated_samples/tokens/reugene_wm_00760.pt,True,572,322.2915785436869,1.0,576,4,572
aggregated_samples/tokens/reugene_wm_00761.pt,True,572,322.2915785436869,1.0,576,4,572
aggregated_samples/tokens/reugene_wm_00762.pt,True,572,322.2915785436869,1.0,576,4,572
aggregated_samples/tokens/reugene_wm_00763.pt,True,572,322.2915785436869,1.0,576,4,572
aggregated_samples/tokens/reugene_wm_00764.pt,True,572,322.2915785436869,1.0,576,4,572
aggregated_samples/tokens/reugene_wm_00765.pt,True,572,322.2915785436869,1.0,576,4,572
aggregated_samples/tokens/reugene_wm_00766.pt,True,572,322.2915785436869,1.0,576,4,572
aggregated_samples/tokens/reugene_wm_00767.pt,True,572,322.2915785436869,1.0,576,4,572
aggregated_samples/tokens/reugene_wm_00768.pt,True,572,322.2915785436869,1.0,576,4,572
aggregated_samples/tokens/reugene_wm_00769.pt,True,572,322.2915785436869,1.0,576,4,572
aggregated_samples/tokens/reugene_wm_00770.pt,True,572,322.2915785436869,1.0,576,4,572
aggregated_samples/tokens/reugene_wm_00771.pt,True,572,322.2915785436869,1.0,576,4,572
aggregated_samples/tokens/reugene_wm_00772.pt,True,572,322.2915785436869,1.0,576,4,572
aggregated_samples/tokens/reugene_wm_00773.pt,True,572,322.2915785436869,1.0,576,4,572
aggregated_samples/tokens/reugene_wm_00774.pt,True,572,322.2915785436869,1.0,576,4,572
aggregated_samples/tokens/reugene_wm_00775.pt,True,572,322.2915785436869,1.0,576,4,572
aggregated_samples/tokens/reugene_wm_00776.pt,True,572,322.2915785436869,1.0,576,4,572
aggregated_samples/tokens/reugene_wm_00777.pt,True,572,322.2915785436869,1.0,576,4,572
aggregated_samples/tokens/reugene_wm_00778.pt,True,572,322.2915785436869,1.0,576,4,572
aggregated_samples/tokens/reugene_wm_00779.pt,True,572,322.2915785436869,1.0,576,4,572
aggregated_samples/tokens/reugene_wm_00780.pt,True,572,322.2915785436869,1.0,576,4,572
aggregated_samples/tokens/reugene_wm_00781.pt,True,572,322.2915785436869,1.0,576,4,572
aggregated_samples/tokens/reugene_wm_00782.pt,True,572,322.2915785436869,1.0,576,4,572
aggregated_samples/tokens/reugene_wm_00783.pt,True,572,322.2915785436869,1.0,576,4,572
aggregated_samples/tokens/reugene_wm_00784.pt,True,572,322.2915785436869,1.0,576,4,572
aggregated_samples/tokens/reugene_wm_00785.pt,True,572,322.2915785436869,1.0,576,4,572
aggregated_samples/tokens/reugene_wm_00786.pt,True,572,322.2915785436869,1.0,576,4,572
aggregated_samples/tokens/reugene_wm_00787.pt,True,572,322.2915785436869,1.0,576,4,572
aggregated_samples/tokens/reugene_wm_00788.pt,True,572,322.2915785436869,1.0,576,4,572
aggregated_samples/tokens/reugene_wm_00789.pt,True,572,322.2915785436869,1.0,576,4,572
aggregated_samples/tokens/reugene_wm_00790.pt,True,572,322.2915785436869,1.0,576,4,572
aggregated_samples/tokens/reugene_wm_00791.pt,True,572,322.2915785436869,1.0,576,4,572
aggregated_samples/tokens/reugene_wm_00792.pt,True,572,322.2915785436869,1.0,576,4,572
aggregated_samples/tokens/reugene_wm_00793.pt,True,572,322.2915785436869,1.0,576,4,572
aggregated_samples/tokens/reugene_wm_00794.pt,True,572,322.2915785436869,1.0,576,4,572
aggregated_samples/tokens/reugene_wm_00795.pt,True,572,322.2915785436869,1.0,576,4,572
aggregated_samples/tokens/reugene_wm_00796.pt,True,572,322.2915785436869,1.0,576,4,572
aggregated_samples/tokens/reugene_wm_00797.pt,True,572,322.2915785436869,1.0,576,4,572
aggregated_samples/tokens/reugene_wm_00798.pt,True,572,322.2915785436869,1.0,576,4,572
aggregated_samples/tokens/reugene_wm_00799.pt,True,572,322.2915785436869,1.0,576,4,572
aggregated_samples/tokens/reugene_wm_00800.pt,True,572,322.2915785436869,1.0,576,4,572
aggregated_samples/tokens/reugene_wm_00801.pt,True,572,322.2915785436869,1.0,576,4,572
aggregated_samples/tokens/reugene_wm_00802.pt,True,572,322.2915785436869,1.0,576,4,572
aggregated_samples/tokens/reugene_wm_00803.pt,True,572,322.2915785436869,1.0,576,4,572
aggregated_samples/tokens/reugene_wm_00804.pt,True,572,322.2915785436869,1.0,576,4,572
aggregated_samples/tokens/reugene_wm_00805.pt,True,572,322.2915785436869,1.0,576,4,572
aggregated_samples/tokens/reugene_wm_00806.pt,True,572,322.2915785436869,1.0,576,4,572
aggregated_samples/tokens/reugene_wm_00807.pt,True,572,322.2915785436869,1.0,576,4,572
aggregated_samples/tokens/reugene_wm_00808.pt,True,572,322.2915785436869,1.0,576,4,572
aggregated_samples/tokens/reugene_wm_00809.pt,True,572,322.2915785436869,1.0,576,4,572
aggregated_samples/tokens/reugene_wm_00810.pt,True,572,322.2915785436869,1.0,576,4,572
aggregated_samples/tokens/reugene_wm_00811.pt,True,572,322.2915785436869,1.0,576,4,572
aggregated_samples/tokens/reugene_wm_00812.pt,True,572,322.2915785436869,1.0,576,4,572
aggregated_samples/tokens/reugene_wm_00813.pt,True,572,322.2915785436869,1.0,576,4,572
aggregated_samples/tokens/reugene_wm_00814.pt,True,572,322.2915785436869,1.0,576,4,572
aggregated_samples/tokens/reugene_wm_00815.pt,True,572,322.2915785436869,1.0,576,4,572
aggregated_samples/tokens/reugene_wm_00816.pt,True,572,322.2915785436869,1.0,576,4,572
aggregated_samples/tokens/reugene_wm_00817.pt,True,572,322.2915785436869,1.0,576,4,572
aggregated_samples/tokens/reugene_wm_00818.pt,True,572,322.2915785436869,1.0,576,4,572
aggregated_samples/tokens/reugene_wm_00819.pt,True,572,322.2915785436869,1.0,576,4,572
aggregated_samples/tokens/reugene_wm_00820.pt,True,572,322.2915785436869,1.0,576,4,572
aggregated_samples/tokens/reugene_wm_00821.pt,True,572,322.2915785436869,1.0,576,4,572
aggregated_samples/tokens/reugene_wm_00822.pt,True,572,322.2915785436869,1.0,576,4,572
aggregated_samples/tokens/reugene_wm_00823.pt,True,572,322.2915785436869,1.0,576,4,572
aggregated_samples/tokens/reugene_wm_00824.pt,True,572,322.2915785436869,1.0,576,4,572
aggregated_samples/tokens/reugene_wm_00825.pt,True,572,322.2915785436869,1.0,576,4,572
aggregated_samples/tokens/reugene_wm_00826.pt,True,572,322.2915785436869,1.0,576,4,572
aggregated_samples/tokens/reugene_wm_00827.pt,True,572,322.2915785436869,1.0,576,4,572
aggregated_samples/tokens/reugene_wm_00828.pt,True,572,322.2915785436869,1.0,576,4,572
aggregated_samples/tokens/reugene_wm_00829.pt,True,572,322.2915785436869,1.0,576,4,572
aggregated_samples/tokens/reugene_wm_00830.pt,True,572,322.2915785436869,1.0,576,4,572
aggregated_samples/tokens/reugene_wm_00831.pt,True,572,322.2915785436869,1.0,576,4,572
aggregated_samples/tokens/reugene_wm_00832.pt,True,572,322.2915785436869,1.0,576,4,572
aggregated_samples/tokens/reugene_wm_00833.pt,True,572,322.2915785436869,1.0,576,4,572
aggregated_samples/tokens/reugene_wm_00834.pt,True,572,322.2915785436869,1.0,576,4,572
aggregated_samples/tokens/reugene_wm_00835.pt,True,572,322.2915785436869,1.0,576,4,572
aggregated_samples/tokens/reugene_wm_00836.pt,True,572,322.2915785436869,1.0,576,4,572
aggregated_samples/tokens/reugene_wm_00837.pt,True,572,322.2915785436869,1.0,576,4,572
aggregated_samples/tokens/reugene_wm_00838.pt,True,572,322.2915785436869,1.0,576,4,572
aggregated_samples/tokens/reugene_wm_00839.pt,True,572,322.2915785436869,1.0,576,4,572
aggregated_samples/tokens/reugene_wm_00840.pt,True,572,322.2915785436869,1.0,576,4,572
aggregated_samples/tokens/reugene_wm_00841.pt,True,572,322.2915785436869,1.0,576,4,572
aggregated_samples/tokens/reugene_wm_00842.pt,True,572,322.2915785436869,1.0,576,4,572
aggregated_samples/tokens/reugene_wm_00843.pt,True,572,322.2915785436869,1.0,576,4,572
aggregated_samples/tokens/reugene_wm_00844.pt,True,572,322.2915785436869,1.0,576,4,572
aggregated_samples/tokens/reugene_wm_00845.pt,True,572,322.2915785436869,1.0,576,4,572
aggregated_samples/tokens/reugene_wm_00846.pt,True,572,322.2915785436869,1.0,576,4,572
aggregated_samples/tokens/reugene_wm_00847.pt,True,572,322.2915785436869,1.0,576,4,572
aggregated_samples/tokens/reugene_wm_00848.pt,True,572,322.2915785436869,1.0,576,4,572
aggregated_samples/tokens/reugene_wm_00849.pt,True,572,322.2915785436869,1.0,576,4,572
aggregated_samples/tokens/reugene_wm_00850.pt,True,572,322.2915785436869,1.0,576,4,572
aggregated_samples/tokens/reugene_wm_00851.pt,True,572,322.2915785436869,1.0,576,4,572
aggregated_samples/tokens/reugene_wm_00852.pt,True,572,322.2915785436869,1.0,576,4,572
aggregated_samples/tokens/reugene_wm_00853.pt,True,572,322.2915785436869,1.0,576,4,572
aggregated_samples/tokens/reugene_wm_00854.pt,True,572,322.2915785436869,1.0,576,4,572
aggregated_samples/tokens/reugene_wm_00855.pt,True,572,322.2915785436869,1.0,576,4,572
aggregated_samples/tokens/reugene_wm_00856.pt,True,572,322.2915785436869,1.0,576,4,572
aggregated_samples/tokens/reugene_wm_00857.pt,True,572,322.2915785436869,1.0,576,4,572
aggregated_samples/tokens/reugene_wm_00858.pt,True,572,322.2915785436869,1.0,576,4,572
aggregated_samples/tokens/reugene_wm_00859.pt,True,572,322.2915785436869,1.0,576,4,572
aggregated_samples/tokens/reugene_wm_00860.pt,True,572,322.2915785436869,1.0,576,4,572
aggregated_samples/tokens/reugene_wm_00861.pt,True,572,322.2915785436869,1.0,576,4,572
aggregated_samples/tokens/reugene_wm_00862.pt,True,572,322.2915785436869,1.0,576,4,572
aggregated_samples/tokens/reugene_wm_00863.pt,True,572,322.2915785436869,1.0,576,4,572
aggregated_samples/tokens/reugene_wm_00864.pt,True,572,322.2915785436869,1.0,576,4,572
aggregated_samples/tokens/reugene_wm_00865.pt,True,572,322.2915785436869,1.0,576,4,572
aggregated_samples/tokens/reugene_wm_00866.pt,True,572,322.2915785436869,1.0,576,4,572
aggregated_samples/tokens/reugene_wm_00867.pt,True,572,322.2915785436869,1.0,576,4,572
aggregated_samples/tokens/reugene_wm_00868.pt,True,572,322.2915785436869,1.0,576,4,572
aggregated_samples/tokens/reugene_wm_00869.pt,True,572,322.2915785436869,1.0,576,4,572
aggregated_samples/tokens/reugene_wm_00870.pt,True,572,322.2915785436869,1.0,576,4,572
aggregated_samples/tokens/reugene_wm_00871.pt,True,572,322.2915785436869,1.0,576,4,572
aggregated_samples/tokens/reugene_wm_00872.pt,True,572,322.2915785436869,1.0,576,4,572
aggregated_samples/tokens/reugene_wm_00873.pt,True,572,322.2915785436869,1.0,576,4,572
aggregated_samples/tokens/reugene_wm_00874.pt,True,572,322.2915785436869,1.0,576,4,572
aggregated_samples/tokens/reugene_wm_00875.pt,True,572,322.2915785436869,1.0,576,4,572
aggregated_samples/tokens/reugene_wm_00876.pt,True,572,322.2915785436869,1.0,576,4,572
aggregated_samples/tokens/reugene_wm_00877.pt,True,572,322.2915785436869,1.0,576,4,572
aggregated_samples/tokens/reugene_wm_00878.pt,True,572,322.2915785436869,1.0,576,4,572
aggregated_samples/tokens/reugene_wm_00879.pt,True,572,322.2915785436869,1.0,576,4,572
aggregated_samples/tokens/reugene_wm_00880.pt,True,572,322.2915785436869,1.0,576,4,572
aggregated_samples/tokens/reugene_wm_00881.pt,True,572,322.2915785436869,1.0,576,4,572
aggregated_samples/tokens/reugene_wm_00882.pt,True,572,322.2915785436869,1.0,576,4,572
aggregated_samples/tokens/reugene_wm_00883.pt,True,572,322.2915785436869,1.0,576,4,572
aggregated_samples/tokens/reugene_wm_00884.pt,True,572,322.2915785436869,1.0,576,4,572
aggregated_samples/tokens/reugene_wm_00885.pt,True,572,322.2915785436869,1.0,576,4,572
aggregated_samples/tokens/reugene_wm_00886.pt,True,572,322.2915785436869,1.0,576,4,572
aggregated_samples/tokens/reugene_wm_00887.pt,True,572,322.2915785436869,1.0,576,4,572
aggregated_samples/tokens/reugene_wm_00888.pt,True,572,322.2915785436869,1.0,576,4,572
aggregated_samples/tokens/reugene_wm_00889.pt,True,572,322.2915785436869,1.0,576,4,572
aggregated_samples/tokens/reugene_wm_00890.pt,True,572,322.2915785436869,1.0,576,4,572
aggregated_samples/tokens/reugene_wm_00891.pt,True,572,322.2915785436869,1.0,576,4,572
aggregated_samples/tokens/reugene_wm_00892.pt,True,572,322.2915785436869,1.0,576,4,572
aggregated_samples/tokens/reugene_wm_00893.pt,True,572,322.2915785436869,1.0,576,4,572
aggregated_samples/tokens/reugene_wm_00894.pt,True,572,322.2915785436869,1.0,576,4,572
aggregated_samples/tokens/reugene_wm_00895.pt,True,572,322.2915785436869,1.0,576,4,572
aggregated_samples/tokens/reugene_wm_00896.pt,True,572,322.2915785436869,1.0,576,4,572
aggregated_samples/tokens/reugene_wm_00897.pt,True,572,322.2915785436869,1.0,576,4,572
aggregated_samples/tokens/reugene_wm_00898.pt,True,572,322.2915785436869,1.0,576,4,572
aggregated_samples/tokens/reugene_wm_00899.pt,True,572,322.2915785436869,1.0,576,4,572
aggregated_samples/tokens/reugene_wm_00900.pt,True,572,322.2915785436869,1.0,576,4,572
aggregated_samples/tokens/reugene_wm_00901.pt,True,572,322.2915785436869,1.0,576,4,572
aggregated_samples/tokens/reugene_wm_00902.pt,True,572,322.2915785436869,1.0,576,4,572
aggregated_samples/tokens/reugene_wm_00903.pt,True,572,322.2915785436869,1.0,576,4,572
aggregated_samples/tokens/reugene_wm_00904.pt,True,572,322.2915785436869,1.0,576,4,572
aggregated_samples/tokens/reugene_wm_00905.pt,True,572,322.2915785436869,1.0,576,4,572
aggregated_samples/tokens/reugene_wm_00906.pt,True,572,322.2915785436869,1.0,576,4,572
aggregated_samples/tokens/reugene_wm_00907.pt,True,572,322.2915785436869,1.0,576,4,572
aggregated_samples/tokens/reugene_wm_00908.pt,True,572,322.2915785436869,1.0,576,4,572
aggregated_samples/tokens/reugene_wm_00909.pt,True,572,322.2915785436869,1.0,576,4,572
aggregated_samples/tokens/reugene_wm_00910.pt,True,572,322.2915785436869,1.0,576,4,572
aggregated_samples/tokens/reugene_wm_00911.pt,True,572,322.2915785436869,1.0,576,4,572
aggregated_samples/tokens/reugene_wm_00912.pt,True,572,322.2915785436869,1.0,576,4,572
aggregated_samples/tokens/reugene_wm_00913.pt,True,572,322.2915785436869,1.0,576,4,572
aggregated_samples/tokens/reugene_wm_00914.pt,True,572,322.2915785436869,1.0,576,4,572
aggregated_samples/tokens/reugene_wm_00915.pt,True,572,322.2915785436869,1.0,576,4,572
aggregated_samples/tokens/reugene_wm_00916.pt,True,572,322.2915785436869,1.0,576,4,572
aggregated_samples/tokens/reugene_wm_00917.pt,True,572,322.2915785436869,1.0,576,4,572
aggregated_samples/tokens/reugene_wm_00918.pt,True,572,322.2915785436869,1.0,576,4,572
aggregated_samples/tokens/reugene_wm_00919.pt,True,572,322.2915785436869,1.0,576,4,572
aggregated_samples/tokens/reugene_wm_00920.pt,True,572,322.2915785436869,1.0,576,4,572
aggregated_samples/tokens/reugene_wm_00921.pt,True,572,322.2915785436869,1.0,576,4,572
aggregated_samples/tokens/reugene_wm_00922.pt,True,572,322.2915785436869,1.0,576,4,572
aggregated_samples/tokens/reugene_wm_00923.pt,True,572,322.2915785436869,1.0,576,4,572
aggregated_samples/tokens/reugene_wm_00924.pt,True,572,322.2915785436869,1.0,576,4,572
aggregated_samples/tokens/reugene_wm_00925.pt,True,572,322.2915785436869,1.0,576,4,572
aggregated_samples/tokens/reugene_wm_00926.pt,True,572,322.2915785436869,1.0,576,4,572
aggregated_samples/tokens/reugene_wm_00927.pt,True,572,322.2915785436869,1.0,576,4,572
aggregated_samples/tokens/reugene_wm_00928.pt,True,572,322.2915785436869,1.0,576,4,572
aggregated_samples/tokens/reugene_wm_00929.pt,True,572,322.2915785436869,1.0,576,4,572
aggregated_samples/tokens/reugene_wm_00930.pt,True,572,322.2915785436869,1.0,576,4,572
aggregated_samples/tokens/reugene_wm_00931.pt,True,572,322.2915785436869,1.0,576,4,572
aggregated_samples/tokens/reugene_wm_00932.pt,True,572,322.2915785436869,1.0,576,4,572
aggregated_samples/tokens/reugene_wm_00933.pt,True,572,322.2915785436869,1.0,576,4,572
aggregated_samples/tokens/reugene_wm_00934.pt,True,572,322.2915785436869,1.0,576,4,572
aggregated_samples/tokens/reugene_wm_00935.pt,True,572,322.2915785436869,1.0,576,4,572
aggregated_samples/tokens/reugene_wm_00936.pt,True,572,322.2915785436869,1.0,576,4,572
aggregated_samples/tokens/reugene_wm_00937.pt,True,572,322.2915785436869,1.0,576,4,572
aggregated_samples/tokens/reugene_wm_00938.pt,True,572,322.2915785436869,1.0,576,4,572
aggregated_samples/tokens/reugene_wm_00939.pt,True,572,322.2915785436869,1.0,576,4,572
aggregated_samples/tokens/reugene_wm_00940.pt,True,572,322.2915785436869,1.0,576,4,572
aggregated_samples/tokens/reugene_wm_00941.pt,True,572,322.2915785436869,1.0,576,4,572
aggregated_samples/tokens/reugene_wm_00942.pt,True,572,322.2915785436869,1.0,576,4,572
aggregated_samples/tokens/reugene_wm_00943.pt,True,572,322.2915785436869,1.0,576,4,572
aggregated_samples/tokens/reugene_wm_00944.pt,True,572,322.2915785436869,1.0,576,4,572
aggregated_samples/tokens/reugene_wm_00945.pt,True,572,322.2915785436869,1.0,576,4,572
aggregated_samples/tokens/reugene_wm_00946.pt,True,572,322.2915785436869,1.0,576,4,572
aggregated_samples/tokens/reugene_wm_00947.pt,True,572,322.2915785436869,1.0,576,4,572
aggregated_samples/tokens/reugene_wm_00948.pt,True,572,322.2915785436869,1.0,576,4,572
aggregated_samples/tokens/reugene_wm_00949.pt,True,572,322.2915785436869,1.0,576,4,572
aggregated_samples/tokens/reugene_wm_00950.pt,True,572,322.2915785436869,1.0,576,4,572
aggregated_samples/tokens/reugene_wm_00951.pt,True,572,322.2915785436869,1.0,576,4,572
aggregated_samples/tokens/reugene_wm_00952.pt,True,572,322.2915785436869,1.0,576,4,572
aggregated_samples/tokens/reugene_wm_00953.pt,True,572,322.2915785436869,1.0,576,4,572
aggregated_samples/tokens/reugene_wm_00954.pt,True,572,322.2915785436869,1.0,576,4,572
aggregated_samples/tokens/reugene_wm_00955.pt,True,572,322.2915785436869,1.0,576,4,572
aggregated_samples/tokens/reugene_wm_00956.pt,True,572,322.2915785436869,1.0,576,4,572
aggregated_samples/tokens/reugene_wm_00957.pt,True,572,322.2915785436869,1.0,576,4,572
aggregated_samples/tokens/reugene_wm_00958.pt,True,572,322.2915785436869,1.0,576,4,572
aggregated_samples/tokens/reugene_wm_00959.pt,True,572,322.2915785436869,1.0,576,4,572
aggregated_samples/tokens/reugene_wm_00960.pt,True,572,322.2915785436869,1.0,576,4,572
aggregated_samples/tokens/reugene_wm_00961.pt,True,572,322.2915785436869,1.0,576,4,572
aggregated_samples/tokens/reugene_wm_00962.pt,True,572,322.2915785436869,1.0,576,4,572
aggregated_samples/tokens/reugene_wm_00963.pt,True,572,322.2915785436869,1.0,576,4,572
aggregated_samples/tokens/reugene_wm_00964.pt,True,572,322.2915785436869,1.0,576,4,572
aggregated_samples/tokens/reugene_wm_00965.pt,True,572,322.2915785436869,1.0,576,4,572
aggregated_samples/tokens/reugene_wm_00966.pt,True,572,322.2915785436869,1.0,576,4,572
aggregated_samples/tokens/reugene_wm_00967.pt,True,572,322.2915785436869,1.0,576,4,572
aggregated_samples/tokens/reugene_wm_00968.pt,True,572,322.2915785436869,1.0,576,4,572
aggregated_samples/tokens/reugene_wm_00969.pt,True,572,322.2915785436869,1.0,576,4,572
aggregated_samples/tokens/reugene_wm_00970.pt,True,572,322.2915785436869,1.0,576,4,572
aggregated_samples/tokens/reugene_wm_00971.pt,True,572,322.2915785436869,1.0,576,4,572
aggregated_samples/tokens/reugene_wm_00972.pt,True,572,322.2915785436869,1.0,576,4,572
aggregated_samples/tokens/reugene_wm_00973.pt,True,572,322.2915785436869,1.0,576,4,572
aggregated_samples/tokens/reugene_wm_00974.pt,True,572,322.2915785436869,1.0,576,4,572
aggregated_samples/tokens/reugene_wm_00975.pt,True,572,322.2915785436869,1.0,576,4,572
aggregated_samples/tokens/reugene_wm_00976.pt,True,572,322.2915785436869,1.0,576,4,572
aggregated_samples/tokens/reugene_wm_00977.pt,True,572,322.2915785436869,1.0,576,4,572
aggregated_samples/tokens/reugene_wm_00978.pt,True,572,322.2915785436869,1.0,576,4,572
aggregated_samples/tokens/reugene_wm_00979.pt,True,572,322.2915785436869,1.0,576,4,572
aggregated_samples/tokens/reugene_wm_00980.pt,True,572,322.2915785436869,1.0,576,4,572
aggregated_samples/tokens/reugene_wm_00981.pt,True,572,322.2915785436869,1.0,576,4,572
aggregated_samples/tokens/reugene_wm_00982.pt,True,572,322.2915785436869,1.0,576,4,572
aggregated_samples/tokens/reugene_wm_00983.pt,True,572,322.2915785436869,1.0,576,4,572
aggregated_samples/tokens/reugene_wm_00984.pt,True,572,322.2915785436869,1.0,576,4,572
aggregated_samples/tokens/reugene_wm_00985.pt,True,572,322.2915785436869,1.0,576,4,572
aggregated_samples/tokens/reugene_wm_00986.pt,True,572,322.2915785436869,1.0,576,4,572
aggregated_samples/tokens/reugene_wm_00987.pt,True,572,322.2915785436869,1.0,576,4,572
aggregated_samples/tokens/reugene_wm_00988.pt,True,572,322.2915785436869,1.0,576,4,572
aggregated_samples/tokens/reugene_wm_00989.pt,True,572,322.2915785436869,1.0,576,4,572
aggregated_samples/tokens/reugene_wm_00990.pt,True,572,322.2915785436869,1.0,576,4,572
aggregated_samples/tokens/reugene_wm_00991.pt,True,572,322.2915785436869,1.0,576,4,572
aggregated_samples/tokens/reugene_wm_00992.pt,True,572,322.2915785436869,1.0,576,4,572
aggregated_samples/tokens/reugene_wm_00993.pt,True,572,322.2915785436869,1.0,576,4,572
aggregated_samples/tokens/reugene_wm_00994.pt,True,572,322.2915785436869,1.0,576,4,572
aggregated_samples/tokens/reugene_wm_00995.pt,True,572,322.2915785436869,1.0,576,4,572
aggregated_samples/tokens/reugene_wm_00996.pt,True,572,322.2915785436869,1.0,576,4,572
aggregated_samples/tokens/reugene_wm_00997.pt,True,572,322.2915785436869,1.0,576,4,572
aggregated_samples/tokens/reugene_wm_00998.pt,True,572,322.2915785436869,1.0,576,4,572
aggregated_samples/tokens/reugene_wm_00999.pt,True,572,322.2915785436869,1.0,576,4,572
